,Date,Province,Vaccine dose 1,Booster vaccine 2,Booster vaccine 3,Booster vaccine 4,Total vaccine,Vaccine coverage dose 1,Vaccine coverage booster 2,Vaccine coverage booster 3,Vaccine coverage booster 4,Cases,Deaths,Hospitalizations,ICU,Tests Completed
0,2020-12-14,ON,0.0,0.0,0.0,0.0,0.0,0.0,0.0,0.0,0.0,2056.0,32.0,31.0,-7.0,39566.0
1,2020-12-15,ON,0.0,0.0,0.0,0.0,0.0,0.0,0.0,0.0,0.0,2250.0,38.0,53.0,5.0,49189.0
2,2020-12-16,ON,0.0,0.0,0.0,0.0,0.0,0.0,0.0,0.0,0.0,2312.0,26.0,9.0,8.0,58178.0
3,2020-12-17,ON,0.0,0.0,0.0,0.0,0.0,0.0,0.0,0.0,0.0,2375.0,34.0,-16.0,5.0,68246.0
4,2020-12-18,ON,0.0,0.0,0.0,0.0,0.0,0.0,0.0,0.0,0.0,2415.0,42.0,-40.0,-4.0,67207.0
5,2020-12-19,ON,0.0,0.0,0.0,0.0,0.0,0.0,0.0,0.0,0.0,2276.0,37.0,13.0,-7.0,69412.0
6,2020-12-20,ON,0.0,0.0,0.0,0.0,0.0,0.0,0.0,0.0,0.0,2338.0,35.0,3.0,6.0,54505.0
7,2020-12-21,ON,0.0,0.0,0.0,0.0,0.0,0.0,0.0,0.0,0.0,2162.0,38.0,43.0,3.0,45265.0
8,2020-12-22,ON,0.0,0.0,0.0,0.0,0.0,0.0,0.0,0.0,0.0,2551.0,47.0,63.0,8.0,56660.0
9,2020-12-23,ON,0.0,0.0,0.0,0.0,0.0,0.0,0.0,0.0,0.0,2216.0,40.0,-3.0,3.0,64592.0
10,2020-12-24,ON,0.0,0.0,0.0,0.0,0.0,0.0,0.0,0.0,0.0,1922.0,47.0,-35.0,6.0,61465.0
11,2020-12-25,ON,0.0,0.0,0.0,0.0,0.0,0.0,0.0,0.0,0.0,2183.0,33.0,30.0,1.0,49511.0
12,2020-12-26,ON,0.0,0.0,0.0,0.0,0.0,0.0,0.0,0.0,0.0,2249.0,46.0,-15.0,9.0,41783.0
13,2020-12-27,ON,0.0,0.0,0.0,0.0,0.0,0.0,0.0,0.0,0.0,2140.0,42.0,53.0,-4.0,39565.0
14,2020-12-28,ON,0.0,0.0,0.0,0.0,0.0,0.0,0.0,0.0,0.0,2741.0,39.0,93.0,12.0,34112.0
15,2020-12-29,ON,0.0,0.0,0.0,0.0,0.0,0.0,0.0,0.0,0.0,3192.0,49.0,40.0,9.0,39210.0
16,2020-12-30,ON,0.0,0.0,0.0,0.0,0.0,0.0,0.0,0.0,0.0,2807.0,48.0,62.0,18.0,63858.0
17,2020-12-31,ON,0.0,0.0,0.0,0.0,0.0,0.0,0.0,0.0,0.0,3411.0,51.0,40.0,12.0,70570.0
18,2021-01-01,ON,0.0,0.0,0.0,0.0,0.0,0.0,0.0,0.0,0.0,3277.0,52.0,-1.0,1.0,61401.0
19,2021-01-02,ON,0.0,0.0,0.0,0.0,0.0,0.0,0.0,0.0,0.0,2888.0,42.0,18.0,-11.0,49803.0
20,2021-01-03,ON,0.0,0.0,0.0,0.0,0.0,0.0,0.0,0.0,0.0,3301.0,48.0,46.0,8.0,39121.0
21,2021-01-04,ON,0.0,0.0,0.0,0.0,0.0,0.0,0.0,0.0,0.0,3140.0,56.0,57.0,3.0,35152.0
22,2021-01-05,ON,0.0,0.0,0.0,0.0,0.0,0.0,0.0,0.0,0.0,3324.0,52.0,45.0,20.0,51045.0
23,2021-01-06,ON,0.0,0.0,0.0,0.0,0.0,0.0,0.0,0.0,0.0,3738.0,52.0,45.0,6.0,65772.0
24,2021-01-07,ON,0.0,0.0,0.0,0.0,0.0,0.0,0.0,0.0,0.0,4168.0,49.0,3.0,1.0,71481.0
25,2021-01-08,ON,0.0,0.0,0.0,0.0,0.0,0.0,0.0,0.0,0.0,3823.0,47.0,24.0,12.0,72900.0
26,2021-01-09,ON,0.0,0.0,0.0,0.0,0.0,0.0,0.0,0.0,0.0,3378.0,63.0,9.0,15.0,62308.0
27,2021-01-10,ON,0.0,0.0,0.0,0.0,0.0,0.0,0.0,0.0,0.0,3103.0,51.0,25.0,2.0,46403.0
28,2021-01-11,ON,0.0,0.0,0.0,0.0,0.0,0.0,0.0,0.0,0.0,2841.0,51.0,55.0,1.0,44802.0
29,2021-01-12,ON,0.0,0.0,0.0,0.0,0.0,0.0,0.0,0.0,0.0,3173.0,45.0,118.0,-1.0,50931.0
30,2021-01-13,ON,0.0,0.0,0.0,0.0,0.0,0.0,0.0,0.0,0.0,3337.0,56.0,-27.0,-5.0,71169.0
31,2021-01-14,ON,0.0,0.0,0.0,0.0,0.0,0.0,0.0,0.0,0.0,2997.0,46.0,-13.0,7.0,76472.0
32,2021-01-15,ON,0.0,0.0,0.0,0.0,0.0,0.0,0.0,0.0,0.0,3210.0,54.0,-7.0,0.0,73875.0
33,2021-01-16,ON,189240.0,10857.0,0.0,0.0,200097.0,1.3,0.1,0.0,0.0,2724.0,65.0,-21.0,8.0,60183.0
34,2021-01-17,ON,0.0,0.0,0.0,0.0,0.0,0.0,0.0,0.0,0.0,2085.0,78.0,-25.0,-6.0,40301.0
35,2021-01-18,ON,0.0,0.0,0.0,0.0,0.0,0.0,0.0,0.0,0.0,2400.0,56.0,-9.0,1.0,34531.0
36,2021-01-19,ON,0.0,0.0,0.0,0.0,0.0,0.0,0.0,0.0,0.0,2417.0,64.0,20.0,4.0,54307.0
37,2021-01-20,ON,0.0,0.0,0.0,0.0,0.0,0.0,0.0,0.0,0.0,2761.0,55.0,-35.0,-4.0,70256.0
38,2021-01-21,ON,0.0,0.0,0.0,0.0,0.0,0.0,0.0,0.0,0.0,2348.0,65.0,-63.0,-6.0,71750.0
39,2021-01-22,ON,0.0,0.0,0.0,0.0,0.0,0.0,0.0,0.0,0.0,2471.0,55.0,-17.0,-4.0,63453.0
40,2021-01-23,ON,59892.0,20584.0,0.0,0.0,80476.0,0.4,0.1,0.0,0.0,1929.0,55.0,-11.0,12.0,48947.0
41,2021-01-24,ON,0.0,0.0,0.0,0.0,0.0,0.0,0.0,0.0,0.0,1789.0,52.0,-35.0,-5.0,35968.0
42,2021-01-25,ON,0.0,0.0,0.0,0.0,0.0,0.0,0.0,0.0,0.0,1622.0,54.0,-36.0,5.0,30717.0
43,2021-01-26,ON,0.0,0.0,0.0,0.0,0.0,0.0,0.0,0.0,0.0,1899.0,63.0,45.0,-13.0,55191.0
44,2021-01-27,ON,0.0,0.0,0.0,0.0,0.0,0.0,0.0,0.0,0.0,1964.0,48.0,-87.0,-5.0,64664.0
45,2021-01-28,ON,0.0,0.0,0.0,0.0,0.0,0.0,0.0,0.0,0.0,1959.0,48.0,-58.0,-14.0,69040.0
46,2021-01-29,ON,0.0,0.0,0.0,0.0,0.0,0.0,0.0,0.0,0.0,1878.0,52.0,-43.0,5.0,59594.0
47,2021-01-30,ON,21663.0,37408.0,0.0,0.0,59071.0,0.1,0.3,0.0,0.0,1659.0,55.0,-19.0,-6.0,49352.0
48,2021-01-31,ON,0.0,0.0,0.0,0.0,0.0,0.0,0.0,0.0,0.0,1453.0,42.0,-89.0,0.0,30359.0
49,2021-02-01,ON,0.0,0.0,0.0,0.0,0.0,0.0,0.0,0.0,0.0,1259.0,41.0,1.0,-2.0,28552.0
50,2021-02-02,ON,0.0,0.0,0.0,0.0,0.0,0.0,0.0,0.0,0.0,1445.0,48.0,10.0,-14.0,52418.0
51,2021-02-03,ON,0.0,0.0,0.0,0.0,0.0,0.0,0.0,0.0,0.0,1494.0,34.0,-123.0,-1.0,64467.0
52,2021-02-04,ON,0.0,0.0,0.0,0.0,0.0,0.0,0.0,0.0,0.0,1381.0,39.0,32.0,-12.0,62710.0
53,2021-02-05,ON,0.0,0.0,0.0,0.0,0.0,0.0,0.0,0.0,0.0,1503.0,26.0,-58.0,3.0,62341.0
54,2021-02-06,ON,6645.0,32895.0,0.0,0.0,39540.0,0.1,0.2,0.0,0.0,1244.0,29.0,-19.0,5.0,51658.0
55,2021-02-07,ON,0.0,0.0,0.0,0.0,0.0,0.0,0.0,0.0,0.0,1105.0,20.0,-68.0,8.0,28303.0
56,2021-02-08,ON,0.0,0.0,0.0,0.0,0.0,0.0,0.0,0.0,0.0,963.0,32.0,-9.0,-2.0,30798.0
57,2021-02-09,ON,0.0,0.0,0.0,0.0,0.0,0.0,0.0,0.0,0.0,1131.0,30.0,36.0,-21.0,52504.0
58,2021-02-10,ON,0.0,0.0,0.0,0.0,0.0,0.0,0.0,0.0,0.0,1298.0,31.0,-52.0,-8.0,68812.0
59,2021-02-11,ON,0.0,0.0,0.0,0.0,0.0,0.0,0.0,0.0,0.0,1219.0,19.0,-46.0,-10.0,62012.0
60,2021-02-12,ON,0.0,0.0,0.0,0.0,0.0,0.0,0.0,0.0,0.0,1185.0,26.0,-55.0,-3.0,58760.0
61,2021-02-13,ON,15543.0,72899.0,0.0,0.0,88442.0,0.1,0.5,0.0,0.0,997.0,15.0,-42.0,-6.0,48701.0
62,2021-02-14,ON,0.0,0.0,0.0,0.0,0.0,0.0,0.0,0.0,0.0,933.0,28.0,-38.0,7.0,30355.0
63,2021-02-15,ON,0.0,0.0,0.0,0.0,0.0,0.0,0.0,0.0,0.0,861.0,18.0,27.0,2.0,27005.0
64,2021-02-16,ON,0.0,0.0,0.0,0.0,0.0,0.0,0.0,0.0,0.0,1000.0,19.0,2.0,2.0,33977.0
65,2021-02-17,ON,0.0,0.0,0.0,0.0,0.0,0.0,0.0,0.0,0.0,1100.0,30.0,-56.0,1.0,56165.0
66,2021-02-18,ON,0.0,0.0,0.0,0.0,0.0,0.0,0.0,0.0,0.0,1198.0,18.0,37.0,-18.0,65372.0
67,2021-02-19,ON,0.0,0.0,0.0,0.0,0.0,0.0,0.0,0.0,0.0,1221.0,17.0,-68.0,-9.0,57194.0
68,2021-02-20,ON,26932.0,60410.0,0.0,0.0,87342.0,0.2,0.4,0.0,0.0,1149.0,16.0,14.0,-13.0,48178.0
69,2021-02-21,ON,0.0,0.0,0.0,0.0,0.0,0.0,0.0,0.0,0.0,988.0,14.0,-2.0,13.0,31163.0
70,2021-02-22,ON,0.0,0.0,0.0,0.0,0.0,0.0,0.0,0.0,0.0,905.0,14.0,2.0,3.0,25979.0
71,2021-02-23,ON,0.0,0.0,0.0,0.0,0.0,0.0,0.0,0.0,0.0,1126.0,18.0,15.0,3.0,54852.0
72,2021-02-24,ON,0.0,0.0,0.0,0.0,0.0,0.0,0.0,0.0,0.0,1189.0,12.0,-41.0,3.0,66351.0
73,2021-02-25,ON,0.0,0.0,0.0,0.0,0.0,0.0,0.0,0.0,0.0,1242.0,14.0,15.0,-3.0,64049.0
74,2021-02-26,ON,0.0,0.0,0.0,0.0,0.0,0.0,0.0,0.0,0.0,1113.0,15.0,-16.0,4.0,59416.0
75,2021-02-27,ON,105247.0,26870.0,0.0,0.0,132117.0,0.7,0.2,0.0,0.0,1117.0,7.0,23.0,-9.0,49185.0
76,2021-02-28,ON,0.0,0.0,0.0,0.0,0.0,0.0,0.0,0.0,0.0,1001.0,10.0,-42.0,14.0,35015.0
77,2021-03-01,ON,0.0,0.0,0.0,0.0,0.0,0.0,0.0,0.0,0.0,917.0,13.0,19.0,-11.0,30767.0
78,2021-03-02,ON,0.0,0.0,0.0,0.0,0.0,0.0,0.0,0.0,0.0,1118.0,18.0,-1.0,-1.0,52613.0
79,2021-03-03,ON,0.0,0.0,0.0,0.0,0.0,0.0,0.0,0.0,0.0,1128.0,13.0,-14.0,-9.0,65643.0
80,2021-03-04,ON,0.0,0.0,0.0,0.0,0.0,0.0,0.0,0.0,0.0,1236.0,8.0,-20.0,5.0,64748.0
81,2021-03-05,ON,0.0,0.0,0.0,0.0,0.0,0.0,0.0,0.0,0.0,1255.0,12.0,-4.0,6.0,57829.0
82,2021-03-06,ON,194153.0,9909.0,0.0,0.0,204062.0,1.3,0.0,0.0,0.0,1281.0,13.0,-18.0,0.0,46586.0
83,2021-03-07,ON,0.0,0.0,0.0,0.0,0.0,0.0,0.0,0.0,0.0,1255.0,12.0,0.0,-4.0,38063.0
84,2021-03-08,ON,0.0,0.0,0.0,0.0,0.0,0.0,0.0,0.0,0.0,1182.0,15.0,37.0,10.0,33264.0
85,2021-03-09,ON,0.0,0.0,0.0,0.0,0.0,0.0,0.0,0.0,0.0,1237.0,12.0,39.0,8.0,54149.0
86,2021-03-10,ON,0.0,0.0,0.0,0.0,0.0,0.0,0.0,0.0,0.0,1353.0,11.0,-15.0,-17.0,60619.0
87,2021-03-11,ON,0.0,0.0,0.0,0.0,0.0,0.0,0.0,0.0,0.0,1464.0,13.0,2.0,-1.0,64611.0
88,2021-03-12,ON,0.0,0.0,0.0,0.0,0.0,0.0,0.0,0.0,0.0,1600.0,12.0,-7.0,6.0,58431.0
89,2021-03-13,ON,255622.0,13835.0,0.0,0.0,269457.0,1.7,0.1,0.0,0.0,1400.0,10.0,17.0,-6.0,47618.0
90,2021-03-14,ON,0.0,0.0,0.0,0.0,0.0,0.0,0.0,0.0,0.0,1236.0,7.0,-23.0,8.0,33975.0
91,2021-03-15,ON,0.0,0.0,0.0,0.0,0.0,0.0,0.0,0.0,0.0,1204.0,10.0,53.0,13.0,28526.0
92,2021-03-16,ON,0.0,0.0,0.0,0.0,0.0,0.0,0.0,0.0,0.0,1542.0,13.0,43.0,-4.0,49128.0
93,2021-03-17,ON,0.0,0.0,0.0,0.0,0.0,0.0,0.0,0.0,0.0,1709.0,13.0,-23.0,9.0,58560.0
94,2021-03-18,ON,0.0,0.0,0.0,0.0,0.0,0.0,0.0,0.0,0.0,1771.0,11.0,-11.0,7.0,56134.0
95,2021-03-19,ON,0.0,0.0,0.0,0.0,0.0,0.0,0.0,0.0,0.0,1816.0,18.0,30.0,5.0,52083.0
96,2021-03-20,ON,350520.0,12748.0,0.0,0.0,363268.0,2.4,0.1,0.0,0.0,1753.0,4.0,5.0,-11.0,49233.0
97,2021-03-21,ON,0.0,0.0,0.0,0.0,0.0,0.0,0.0,0.0,0.0,1597.0,8.0,29.0,5.0,31089.0
98,2021-03-22,ON,0.0,0.0,0.0,0.0,0.0,0.0,0.0,0.0,0.0,1755.0,14.0,47.0,-9.0,32556.0
99,2021-03-23,ON,0.0,0.0,0.0,0.0,0.0,0.0,0.0,0.0,0.0,1836.0,14.0,10.0,26.0,51962.0
100,2021-03-24,ON,0.0,0.0,0.0,0.0,0.0,0.0,0.0,0.0,0.0,2183.0,19.0,38.0,6.0,60077.0
101,2021-03-25,ON,0.0,0.0,0.0,0.0,0.0,0.0,0.0,0.0,0.0,2237.0,17.0,5.0,-3.0,53436.0
102,2021-03-26,ON,0.0,0.0,0.0,0.0,0.0,0.0,0.0,0.0,0.0,2570.0,19.0,17.0,24.0,61005.0
103,2021-03-27,ON,446894.0,10742.0,0.0,0.0,457636.0,3.0,0.1,0.0,0.0,2217.0,16.0,73.0,8.0,50227.0
104,2021-03-28,ON,0.0,0.0,0.0,0.0,0.0,0.0,0.0,0.0,0.0,2241.0,18.0,-7.0,1.0,39470.0
105,2021-03-29,ON,0.0,0.0,0.0,0.0,0.0,0.0,0.0,0.0,0.0,2211.0,19.0,39.0,16.0,36071.0
106,2021-03-30,ON,0.0,0.0,0.0,0.0,0.0,0.0,0.0,0.0,0.0,2503.0,14.0,70.0,2.0,52532.0
107,2021-03-31,ON,0.0,0.0,0.0,0.0,0.0,0.0,0.0,0.0,0.0,2870.0,16.0,24.0,13.0,62290.0
108,2021-04-01,ON,0.0,0.0,0.0,0.0,0.0,0.0,0.0,0.0,0.0,2981.0,17.0,6.0,9.0,62333.0
109,2021-04-02,ON,0.0,0.0,0.0,0.0,0.0,0.0,0.0,0.0,0.0,3082.0,11.0,45.0,2.0,59117.0
110,2021-04-03,ON,499222.0,12661.0,0.0,0.0,511883.0,3.3,0.1,0.0,0.0,3053.0,12.0,-8.0,16.0,46380.0
111,2021-04-04,ON,0.0,0.0,0.0,0.0,0.0,0.0,0.0,0.0,0.0,2920.0,26.0,81.0,25.0,36563.0
112,2021-04-05,ON,0.0,0.0,0.0,0.0,0.0,0.0,0.0,0.0,0.0,2926.0,19.0,87.0,18.0,37541.0
113,2021-04-06,ON,0.0,0.0,0.0,0.0,0.0,0.0,0.0,0.0,0.0,3404.0,13.0,72.0,16.0,49889.0
114,2021-04-07,ON,0.0,0.0,0.0,0.0,0.0,0.0,0.0,0.0,0.0,3762.0,25.0,69.0,-6.0,63846.0
115,2021-04-08,ON,0.0,0.0,0.0,0.0,0.0,0.0,0.0,0.0,0.0,3909.0,18.0,2.0,21.0,61410.0
116,2021-04-09,ON,0.0,0.0,0.0,0.0,0.0,0.0,0.0,0.0,0.0,3937.0,30.0,28.0,27.0,61439.0
117,2021-04-10,ON,636749.0,11148.0,0.0,0.0,647897.0,4.3,0.0,0.0,0.0,4720.0,22.0,33.0,33.0,56378.0
118,2021-04-11,ON,0.0,0.0,0.0,0.0,0.0,0.0,0.0,0.0,0.0,3984.0,23.0,75.0,20.0,47929.0
119,2021-04-12,ON,0.0,0.0,0.0,0.0,0.0,0.0,0.0,0.0,0.0,4023.0,28.0,102.0,14.0,42167.0
120,2021-04-13,ON,0.0,0.0,0.0,0.0,0.0,0.0,0.0,0.0,0.0,4278.0,36.0,123.0,7.0,54211.0
121,2021-04-14,ON,0.0,0.0,0.0,0.0,0.0,0.0,0.0,0.0,0.0,5067.0,23.0,59.0,16.0,65559.0
122,2021-04-15,ON,0.0,0.0,0.0,0.0,0.0,0.0,0.0,0.0,0.0,4830.0,25.0,49.0,17.0,64304.0
123,2021-04-16,ON,0.0,0.0,0.0,0.0,0.0,0.0,0.0,0.0,0.0,3897.0,22.0,23.0,42.0,56852.0
124,2021-04-17,ON,685544.0,12820.0,0.0,0.0,698364.0,4.7,0.1,0.0,0.0,4803.0,33.0,111.0,25.0,53776.0
125,2021-04-18,ON,0.0,0.0,0.0,0.0,0.0,0.0,0.0,0.0,0.0,4281.0,31.0,86.0,15.0,42873.0
126,2021-04-19,ON,0.0,0.0,0.0,0.0,0.0,0.0,0.0,0.0,0.0,3681.0,32.0,99.0,14.0,40596.0
127,2021-04-20,ON,0.0,0.0,0.0,0.0,0.0,0.0,0.0,0.0,0.0,3983.0,26.0,108.0,18.0,51877.0
128,2021-04-21,ON,0.0,0.0,0.0,0.0,0.0,0.0,0.0,0.0,0.0,4010.0,23.0,-24.0,17.0,54246.0
129,2021-04-22,ON,0.0,0.0,0.0,0.0,0.0,0.0,0.0,0.0,0.0,4510.0,43.0,17.0,16.0,56206.0
130,2021-04-23,ON,0.0,0.0,0.0,0.0,0.0,0.0,0.0,0.0,0.0,4061.0,29.0,-48.0,12.0,52160.0
131,2021-04-24,ON,774946.0,14551.0,0.0,0.0,789497.0,5.2,0.1,0.0,0.0,3820.0,33.0,-14.0,15.0,46694.0
132,2021-04-25,ON,0.0,0.0,0.0,0.0,0.0,0.0,0.0,0.0,0.0,3649.0,32.0,-21.0,18.0,33822.0
133,2021-04-26,ON,0.0,0.0,0.0,0.0,0.0,0.0,0.0,0.0,0.0,3135.0,38.0,63.0,26.0,34000.0
134,2021-04-27,ON,0.0,0.0,0.0,0.0,0.0,0.0,0.0,0.0,0.0,3510.0,33.0,11.0,-2.0,50194.0
135,2021-04-28,ON,0.0,0.0,0.0,0.0,0.0,0.0,0.0,0.0,0.0,4018.0,30.0,-53.0,2.0,56939.0
136,2021-04-29,ON,0.0,0.0,0.0,0.0,0.0,0.0,0.0,0.0,0.0,3821.0,20.0,-43.0,7.0,53074.0
137,2021-04-30,ON,0.0,0.0,0.0,0.0,0.0,0.0,0.0,0.0,0.0,3378.0,27.0,-45.0,-1.0,46803.0
138,2021-05-01,ON,683134.0,14971.0,0.0,0.0,698105.0,4.6,0.1,0.0,0.0,3697.0,35.0,-49.0,17.0,45301.0
139,2021-05-02,ON,0.0,0.0,0.0,0.0,0.0,0.0,0.0,0.0,0.0,2952.0,23.0,-42.0,-5.0,33179.0
140,2021-05-03,ON,0.0,0.0,0.0,0.0,0.0,0.0,0.0,0.0,0.0,2602.0,30.0,48.0,-6.0,33740.0
141,2021-05-04,ON,0.0,0.0,0.0,0.0,0.0,0.0,0.0,0.0,0.0,2895.0,30.0,10.0,-3.0,45767.0
142,2021-05-05,ON,0.0,0.0,0.0,0.0,0.0,0.0,0.0,0.0,0.0,3277.0,24.0,-96.0,-4.0,54118.0
143,2021-05-06,ON,0.0,0.0,0.0,0.0,0.0,0.0,0.0,0.0,0.0,3365.0,33.0,-110.0,-5.0,51338.0
144,2021-05-07,ON,0.0,0.0,0.0,0.0,0.0,0.0,0.0,0.0,0.0,2960.0,37.0,-38.0,-19.0,47817.0
145,2021-05-08,ON,802204.0,17686.0,0.0,0.0,819890.0,5.4,0.2,0.0,0.0,2702.0,33.0,-93.0,-7.0,38540.0
146,2021-05-09,ON,0.0,0.0,0.0,0.0,0.0,0.0,0.0,0.0,0.0,2286.0,23.0,-64.0,-3.0,27175.0
147,2021-05-10,ON,0.0,0.0,0.0,0.0,0.0,0.0,0.0,0.0,0.0,2077.0,22.0,-4.0,-20.0,28109.0
148,2021-05-11,ON,0.0,0.0,0.0,0.0,0.0,0.0,0.0,0.0,0.0,2565.0,25.0,14.0,-26.0,45681.0
149,2021-05-12,ON,0.0,0.0,0.0,0.0,0.0,0.0,0.0,0.0,0.0,2592.0,32.0,-110.0,-26.0,47638.0
150,2021-05-13,ON,0.0,0.0,0.0,0.0,0.0,0.0,0.0,0.0,0.0,2348.0,23.0,-43.0,0.0,44040.0
151,2021-05-14,ON,0.0,0.0,0.0,0.0,0.0,0.0,0.0,0.0,0.0,2450.0,13.0,-50.0,1.0,42320.0
152,2021-05-15,ON,884211.0,36874.0,0.0,0.0,921085.0,6.0,0.2,0.0,0.0,2209.0,18.0,-34.0,8.0,33142.0
153,2021-05-16,ON,0.0,0.0,0.0,0.0,0.0,0.0,0.0,0.0,0.0,1690.0,18.0,-105.0,0.0,24498.0
154,2021-05-17,ON,0.0,0.0,0.0,0.0,0.0,0.0,0.0,0.0,0.0,1612.0,20.0,28.0,-6.0,22915.0
155,2021-05-18,ON,0.0,0.0,0.0,0.0,0.0,0.0,0.0,0.0,0.0,1929.0,22.0,17.0,-15.0,38422.0
156,2021-05-19,ON,0.0,0.0,0.0,0.0,0.0,0.0,0.0,0.0,0.0,2132.0,22.0,-80.0,-29.0,45406.0
157,2021-05-20,ON,0.0,0.0,0.0,0.0,0.0,0.0,0.0,0.0,0.0,1815.0,21.0,-83.0,-14.0,37126.0
158,2021-05-21,ON,0.0,0.0,0.0,0.0,0.0,0.0,0.0,0.0,0.0,1868.0,17.0,-55.0,-6.0,34576.0
159,2021-05-22,ON,898933.0,102235.0,0.0,0.0,1001168.0,6.0,0.7,0.0,0.0,1597.0,29.0,-59.0,-9.0,31227.0
160,2021-05-23,ON,0.0,0.0,0.0,0.0,0.0,0.0,0.0,0.0,0.0,1211.0,13.0,30.0,-13.0,20151.0
161,2021-05-24,ON,0.0,0.0,0.0,0.0,0.0,0.0,0.0,0.0,0.0,1017.0,14.0,-100.0,-6.0,16857.0
162,2021-05-25,ON,0.0,0.0,0.0,0.0,0.0,0.0,0.0,0.0,0.0,987.0,19.0,36.0,5.0,24008.0
163,2021-05-26,ON,0.0,0.0,0.0,0.0,0.0,0.0,0.0,0.0,0.0,1209.0,19.0,-32.0,-20.0,37705.0
164,2021-05-27,ON,0.0,0.0,0.0,0.0,0.0,0.0,0.0,0.0,0.0,1224.0,17.0,-61.0,-22.0,40866.0
165,2021-05-28,ON,0.0,0.0,0.0,0.0,0.0,0.0,0.0,0.0,0.0,1058.0,27.0,-58.0,-5.0,33559.0
166,2021-05-29,ON,761575.0,157533.0,0.0,0.0,919108.0,5.2,1.1,0.0,0.0,1056.0,22.0,-89.0,-19.0,26565.0
167,2021-05-30,ON,0.0,0.0,0.0,0.0,0.0,0.0,0.0,0.0,0.0,706.0,14.0,-77.0,-12.0,18226.0
168,2021-05-31,ON,0.0,0.0,0.0,0.0,0.0,0.0,0.0,0.0,0.0,665.0,17.0,-17.0,3.0,20262.0
169,2021-06-01,ON,0.0,0.0,0.0,0.0,0.0,0.0,0.0,0.0,0.0,809.0,10.0,-16.0,-34.0,31768.0
170,2021-06-02,ON,0.0,0.0,0.0,0.0,0.0,0.0,0.0,0.0,0.0,860.0,16.0,-57.0,-7.0,34277.0
171,2021-06-03,ON,0.0,0.0,0.0,0.0,0.0,0.0,0.0,0.0,0.0,854.0,10.0,-24.0,-30.0,32258.0
172,2021-06-04,ON,0.0,0.0,0.0,0.0,0.0,0.0,0.0,0.0,0.0,710.0,13.0,-39.0,-24.0,27819.0
173,2021-06-05,ON,664213.0,344059.0,0.0,0.0,1008272.0,4.5,2.3,0.0,0.0,608.0,15.0,-36.0,-6.0,22635.0
174,2021-06-06,ON,0.0,0.0,0.0,0.0,0.0,0.0,0.0,0.0,0.0,489.0,10.0,-55.0,-6.0,15177.0
175,2021-06-07,ON,0.0,0.0,0.0,0.0,0.0,0.0,0.0,0.0,0.0,419.0,10.0,3.0,-13.0,17579.0
176,2021-06-08,ON,0.0,0.0,0.0,0.0,0.0,0.0,0.0,0.0,0.0,513.0,6.0,-3.0,-16.0,30462.0
177,2021-06-09,ON,0.0,0.0,0.0,0.0,0.0,0.0,0.0,0.0,0.0,597.0,11.0,-46.0,-15.0,31423.0
178,2021-06-10,ON,0.0,0.0,0.0,0.0,0.0,0.0,0.0,0.0,0.0,511.0,2.0,-53.0,-16.0,28949.0
179,2021-06-11,ON,0.0,0.0,0.0,0.0,0.0,0.0,0.0,0.0,0.0,521.0,1.0,-23.0,-10.0,24099.0
180,2021-06-12,ON,450358.0,766080.0,0.0,0.0,1216438.0,3.0,5.1,0.0,0.0,434.0,5.0,-32.0,-18.0,20731.0
181,2021-06-13,ON,0.0,0.0,0.0,0.0,0.0,0.0,0.0,0.0,0.0,350.0,9.0,-34.0,4.0,13588.0
182,2021-06-14,ON,0.0,0.0,0.0,0.0,0.0,0.0,0.0,0.0,0.0,353.0,8.0,24.0,-17.0,17162.0
183,2021-06-15,ON,0.0,0.0,0.0,0.0,0.0,0.0,0.0,0.0,0.0,374.0,6.0,-15.0,-27.0,28076.0
184,2021-06-16,ON,0.0,0.0,0.0,0.0,0.0,0.0,0.0,0.0,0.0,370.0,4.0,-1.0,-5.0,30454.0
185,2021-06-17,ON,0.0,0.0,0.0,0.0,0.0,0.0,0.0,0.0,0.0,352.0,9.0,-39.0,-15.0,26643.0
186,2021-06-18,ON,0.0,0.0,0.0,0.0,0.0,0.0,0.0,0.0,0.0,330.0,4.0,-13.0,-10.0,25368.0
187,2021-06-19,ON,264281.0,1077888.0,0.0,0.0,1342169.0,1.8,7.3,0.0,0.0,290.0,2.0,-44.0,-17.0,21063.0
188,2021-06-20,ON,0.0,0.0,0.0,0.0,0.0,0.0,0.0,0.0,0.0,261.0,8.0,-31.0,-2.0,13828.0
189,2021-06-21,ON,0.0,0.0,0.0,0.0,0.0,0.0,0.0,0.0,0.0,201.0,7.0,4.0,-10.0,16784.0
190,2021-06-22,ON,0.0,0.0,0.0,0.0,0.0,0.0,0.0,0.0,0.0,277.0,3.0,18.0,-9.0,27364.0
191,2021-06-23,ON,0.0,0.0,0.0,0.0,0.0,0.0,0.0,0.0,0.0,295.0,8.0,-34.0,-9.0,29514.0
192,2021-06-24,ON,0.0,0.0,0.0,0.0,0.0,0.0,0.0,0.0,0.0,297.0,4.0,-9.0,-5.0,26561.0
193,2021-06-25,ON,0.0,0.0,0.0,0.0,0.0,0.0,0.0,0.0,0.0,304.0,1.0,-12.0,-16.0,25626.0
194,2021-06-26,ON,186963.0,1291417.0,0.0,0.0,1478380.0,1.2,8.7,0.0,0.0,247.0,6.0,-3.0,2.0,18524.0
195,2021-06-27,ON,0.0,0.0,0.0,0.0,0.0,0.0,0.0,0.0,0.0,209.0,6.0,-16.0,3.0,13071.0
196,2021-06-28,ON,0.0,0.0,0.0,0.0,0.0,0.0,0.0,0.0,0.0,183.0,2.0,6.0,-2.0,28306.0
197,2021-06-29,ON,0.0,0.0,0.0,0.0,0.0,0.0,0.0,0.0,0.0,243.0,6.0,-2.0,-11.0,27258.0
198,2021-06-30,ON,0.0,0.0,0.0,0.0,0.0,0.0,0.0,0.0,0.0,234.0,2.0,-3.0,-5.0,27258.0
199,2021-07-01,ON,0.0,0.0,0.0,0.0,0.0,0.0,0.0,0.0,0.0,189.0,5.0,-22.0,-17.0,25161.0
200,2021-07-02,ON,0.0,0.0,0.0,0.0,0.0,0.0,0.0,0.0,0.0,197.0,6.0,-9.0,-2.0,17080.0
201,2021-07-03,ON,142167.0,1387495.0,0.0,0.0,1529662.0,1.0,9.4,0.0,0.0,216.0,3.0,-7.0,-9.0,18989.0
202,2021-07-04,ON,0.0,0.0,0.0,0.0,0.0,0.0,0.0,0.0,0.0,158.0,4.0,-27.0,-8.0,12949.0
203,2021-07-05,ON,0.0,0.0,0.0,0.0,0.0,0.0,0.0,0.0,0.0,130.0,6.0,1.0,-7.0,28755.0
204,2021-07-06,ON,0.0,0.0,0.0,0.0,0.0,0.0,0.0,0.0,0.0,228.0,5.0,8.0,-2.0,26976.0
205,2021-07-07,ON,0.0,0.0,0.0,0.0,0.0,0.0,0.0,0.0,0.0,224.0,5.0,-1.0,-6.0,25857.0
206,2021-07-08,ON,0.0,0.0,0.0,0.0,0.0,0.0,0.0,0.0,0.0,162.0,7.0,-9.0,-5.0,26101.0
207,2021-07-09,ON,0.0,0.0,0.0,0.0,0.0,0.0,0.0,0.0,0.0,171.0,5.0,-3.0,-13.0,23695.0
208,2021-07-10,ON,135853.0,1302490.0,0.0,0.0,1438343.0,0.9,8.8,0.0,0.0,153.0,4.0,-24.0,-5.0,19651.0
209,2021-07-11,ON,0.0,0.0,0.0,0.0,0.0,0.0,0.0,0.0,0.0,124.0,4.0,-6.0,5.0,15933.0
210,2021-07-12,ON,0.0,0.0,0.0,0.0,0.0,0.0,0.0,0.0,0.0,111.0,5.0,16.0,2.0,17489.0
211,2021-07-13,ON,0.0,0.0,0.0,0.0,0.0,0.0,0.0,0.0,0.0,157.0,8.0,-2.0,-12.0,29085.0
212,2021-07-14,ON,0.0,0.0,0.0,0.0,0.0,0.0,0.0,0.0,0.0,140.0,3.0,3.0,-12.0,31329.0
213,2021-07-15,ON,0.0,0.0,0.0,0.0,0.0,0.0,0.0,0.0,0.0,178.0,3.0,-8.0,-12.0,28126.0
214,2021-07-16,ON,0.0,0.0,0.0,0.0,0.0,0.0,0.0,0.0,0.0,179.0,6.0,-10.0,-10.0,21392.0
215,2021-07-17,ON,126399.0,988862.0,0.0,0.0,1115261.0,0.9,6.6,0.0,0.0,155.0,0.0,-16.0,-9.0,14805.0
216,2021-07-18,ON,0.0,0.0,0.0,0.0,0.0,0.0,0.0,0.0,0.0,121.0,2.0,-9.0,1.0,11567.0
217,2021-07-19,ON,0.0,0.0,0.0,0.0,0.0,0.0,0.0,0.0,0.0,131.0,2.0,10.0,1.0,13586.0
218,2021-07-20,ON,0.0,0.0,0.0,0.0,0.0,0.0,0.0,0.0,0.0,167.0,3.0,13.0,-2.0,20750.0
219,2021-07-21,ON,0.0,0.0,0.0,0.0,0.0,0.0,0.0,0.0,0.0,179.0,3.0,-17.0,-4.0,19599.0
220,2021-07-22,ON,0.0,0.0,0.0,0.0,0.0,0.0,0.0,0.0,0.0,192.0,2.0,0.0,-4.0,19757.0
221,2021-07-23,ON,0.0,0.0,0.0,0.0,0.0,0.0,0.0,0.0,0.0,167.0,0.0,0.0,-5.0,19131.0
222,2021-07-24,ON,114178.0,724174.0,0.0,0.0,838352.0,0.7,4.9,0.0,0.0,145.0,3.0,-13.0,-4.0,13902.0
223,2021-07-25,ON,0.0,0.0,0.0,0.0,0.0,0.0,0.0,0.0,0.0,133.0,2.0,-8.0,-5.0,11930.0
224,2021-07-26,ON,0.0,0.0,0.0,0.0,0.0,0.0,0.0,0.0,0.0,127.0,0.0,9.0,4.0,13644.0
225,2021-07-27,ON,0.0,0.0,0.0,0.0,0.0,0.0,0.0,0.0,0.0,171.0,3.0,1.0,-4.0,20527.0
226,2021-07-28,ON,0.0,0.0,0.0,0.0,0.0,0.0,0.0,0.0,0.0,234.0,3.0,-8.0,-5.0,19425.0
227,2021-07-29,ON,0.0,0.0,0.0,0.0,0.0,0.0,0.0,0.0,0.0,250.0,4.0,-14.0,-1.0,20993.0
228,2021-07-30,ON,0.0,0.0,0.0,0.0,0.0,0.0,0.0,0.0,0.0,235.0,3.0,3.0,-4.0,19112.0
229,2021-07-31,ON,101784.0,465475.0,0.0,0.0,567259.0,0.7,3.2,0.0,0.0,197.0,0.0,-3.0,-5.0,14122.0
230,2021-08-01,ON,0.0,0.0,0.0,0.0,0.0,0.0,0.0,0.0,0.0,151.0,4.0,-1.0,-2.0,11658.0
231,2021-08-02,ON,0.0,0.0,0.0,0.0,0.0,0.0,0.0,0.0,0.0,137.0,0.0,0.0,-2.0,11515.0
232,2021-08-03,ON,0.0,0.0,0.0,0.0,0.0,0.0,0.0,0.0,0.0,208.0,2.0,3.0,-2.0,17115.0
233,2021-08-04,ON,0.0,0.0,0.0,0.0,0.0,0.0,0.0,0.0,0.0,274.0,2.0,5.0,2.0,23494.0
234,2021-08-05,ON,0.0,0.0,0.0,0.0,0.0,0.0,0.0,0.0,0.0,345.0,2.0,1.0,2.0,23448.0
235,2021-08-06,ON,0.0,0.0,0.0,0.0,0.0,0.0,0.0,0.0,0.0,445.0,2.0,1.0,0.0,20858.0
236,2021-08-07,ON,68517.0,283027.0,0.0,0.0,351544.0,0.5,1.9,0.0,0.0,342.0,1.0,27.0,1.0,14963.0
237,2021-08-08,ON,0.0,0.0,0.0,0.0,0.0,0.0,0.0,0.0,0.0,337.0,0.0,-33.0,4.0,15805.0
238,2021-08-09,ON,0.0,0.0,0.0,0.0,0.0,0.0,0.0,0.0,0.0,335.0,3.0,19.0,-2.0,16479.0
239,2021-08-10,ON,0.0,0.0,0.0,0.0,0.0,0.0,0.0,0.0,0.0,385.0,3.0,-14.0,-4.0,24772.0
240,2021-08-11,ON,0.0,0.0,0.0,0.0,0.0,0.0,0.0,0.0,0.0,534.0,1.0,-6.0,-1.0,22896.0
241,2021-08-12,ON,0.0,0.0,0.0,0.0,0.0,0.0,0.0,0.0,0.0,529.0,1.0,9.0,5.0,23586.0
242,2021-08-13,ON,0.0,0.0,0.0,0.0,0.0,0.0,0.0,0.0,0.0,543.0,1.0,7.0,-2.0,23468.0
243,2021-08-14,ON,71095.0,244524.0,0.0,0.0,315619.0,0.5,1.6,0.0,0.0,507.0,2.0,13.0,0.0,19192.0
244,2021-08-15,ON,0.0,0.0,0.0,0.0,0.0,0.0,0.0,0.0,0.0,452.0,1.0,13.0,5.0,15784.0
245,2021-08-16,ON,0.0,0.0,0.0,0.0,0.0,0.0,0.0,0.0,0.0,433.0,2.0,9.0,3.0,17408.0
246,2021-08-17,ON,0.0,0.0,0.0,0.0,0.0,0.0,0.0,0.0,0.0,511.0,3.0,7.0,8.0,26307.0
247,2021-08-18,ON,0.0,0.0,0.0,0.0,0.0,0.0,0.0,0.0,0.0,650.0,1.0,11.0,1.0,26213.0
248,2021-08-19,ON,0.0,0.0,0.0,0.0,0.0,0.0,0.0,0.0,0.0,703.0,2.0,3.0,3.0,28635.0
249,2021-08-20,ON,0.0,0.0,0.0,0.0,0.0,0.0,0.0,0.0,0.0,710.0,1.0,18.0,4.0,26096.0
250,2021-08-21,ON,87878.0,191241.0,0.0,0.0,279119.0,0.6,1.3,0.0,0.0,682.0,1.0,14.0,-5.0,23075.0
251,2021-08-22,ON,0.0,0.0,0.0,0.0,0.0,0.0,0.0,0.0,0.0,493.0,2.0,21.0,11.0,19866.0
252,2021-08-23,ON,0.0,0.0,0.0,0.0,0.0,0.0,0.0,0.0,0.0,504.0,0.0,29.0,10.0,17369.0
253,2021-08-24,ON,0.0,0.0,0.0,0.0,0.0,0.0,0.0,0.0,0.0,631.0,2.0,35.0,5.0,26406.0
254,2021-08-25,ON,0.0,0.0,0.0,0.0,0.0,0.0,0.0,0.0,0.0,804.0,5.0,-9.0,5.0,27815.0
255,2021-08-26,ON,0.0,0.0,0.0,0.0,0.0,0.0,0.0,0.0,0.0,873.0,2.0,16.0,4.0,30063.0
256,2021-08-27,ON,0.0,0.0,0.0,0.0,0.0,0.0,0.0,0.0,0.0,759.0,1.0,5.0,-7.0,28528.0
257,2021-08-28,ON,84778.0,157133.0,0.0,0.0,241911.0,0.5,1.1,0.0,0.0,700.0,4.0,34.0,4.0,22890.0
258,2021-08-29,ON,0.0,0.0,0.0,0.0,0.0,0.0,0.0,0.0,0.0,583.0,1.0,-18.0,-4.0,18561.0
259,2021-08-30,ON,0.0,0.0,0.0,0.0,0.0,0.0,0.0,0.0,0.0,606.0,5.0,-3.0,2.0,19643.0
260,2021-08-31,ON,0.0,0.0,0.0,0.0,0.0,0.0,0.0,0.0,0.0,795.0,5.0,15.0,-2.0,27572.0
261,2021-09-01,ON,0.0,0.0,0.0,0.0,0.0,0.0,0.0,0.0,0.0,809.0,3.0,5.0,5.0,27293.0
262,2021-09-02,ON,0.0,0.0,0.0,0.0,0.0,0.0,0.0,0.0,0.0,871.0,3.0,-21.0,-1.0,28786.0
263,2021-09-03,ON,0.0,0.0,0.0,0.0,0.0,0.0,0.0,0.0,0.0,865.0,5.0,6.0,7.0,26259.0
264,2021-09-04,ON,89592.0,119285.0,0.0,0.0,208877.0,0.6,0.8,0.0,0.0,650.0,7.0,-8.0,3.0,22410.0
265,2021-09-05,ON,0.0,0.0,0.0,0.0,0.0,0.0,0.0,0.0,0.0,615.0,5.0,10.0,7.0,19200.0
266,2021-09-06,ON,0.0,0.0,0.0,0.0,0.0,0.0,0.0,0.0,0.0,519.0,6.0,27.0,8.0,17118.0
267,2021-09-07,ON,0.0,0.0,0.0,0.0,0.0,0.0,0.0,0.0,0.0,672.0,4.0,10.0,5.0,21840.0
268,2021-09-08,ON,0.0,0.0,0.0,0.0,0.0,0.0,0.0,0.0,0.0,854.0,5.0,9.0,2.0,29684.0
269,2021-09-09,ON,0.0,0.0,0.0,0.0,0.0,0.0,0.0,0.0,0.0,840.0,9.0,-10.0,-9.0,28247.0
270,2021-09-10,ON,0.0,0.0,0.0,0.0,0.0,0.0,0.0,0.0,0.0,844.0,9.0,9.0,-8.0,26268.0
271,2021-09-11,ON,111037.0,139423.0,0.0,0.0,250460.0,0.8,0.9,0.0,0.0,712.0,8.0,-12.0,3.0,23625.0
272,2021-09-12,ON,0.0,0.0,0.0,0.0,0.0,0.0,0.0,0.0,0.0,583.0,3.0,-15.0,4.0,19125.0
273,2021-09-13,ON,0.0,0.0,0.0,0.0,0.0,0.0,0.0,0.0,0.0,512.0,4.0,10.0,5.0,21133.0
274,2021-09-14,ON,0.0,0.0,0.0,0.0,0.0,0.0,0.0,0.0,0.0,827.0,6.0,5.0,3.0,33220.0
275,2021-09-15,ON,0.0,0.0,0.0,0.0,0.0,0.0,0.0,0.0,0.0,765.0,4.0,-19.0,-4.0,34365.0
276,2021-09-16,ON,0.0,0.0,0.0,0.0,0.0,0.0,0.0,0.0,0.0,828.0,4.0,4.0,3.0,33763.0
277,2021-09-17,ON,0.0,0.0,0.0,0.0,0.0,0.0,0.0,0.0,0.0,760.0,11.0,-13.0,3.0,30716.0
278,2021-09-18,ON,90756.0,129444.0,0.0,0.0,220200.0,0.6,0.9,0.0,0.0,636.0,5.0,-7.0,-9.0,29906.0
279,2021-09-19,ON,0.0,0.0,0.0,0.0,0.0,0.0,0.0,0.0,0.0,540.0,2.0,-33.0,-3.0,23864.0
280,2021-09-20,ON,0.0,0.0,0.0,0.0,0.0,0.0,0.0,0.0,0.0,597.0,5.0,3.0,-5.0,23631.0
281,2021-09-21,ON,0.0,0.0,0.0,0.0,0.0,0.0,0.0,0.0,0.0,610.0,5.0,34.0,2.0,39092.0
282,2021-09-22,ON,0.0,0.0,0.0,0.0,0.0,0.0,0.0,0.0,0.0,727.0,6.0,-28.0,8.0,37630.0
283,2021-09-23,ON,0.0,0.0,0.0,0.0,0.0,0.0,0.0,0.0,0.0,658.0,3.0,8.0,6.0,36855.0
284,2021-09-24,ON,0.0,0.0,0.0,0.0,0.0,0.0,0.0,0.0,0.0,656.0,5.0,-3.0,0.0,33303.0
285,2021-09-25,ON,102349.0,162433.0,0.0,0.0,264782.0,0.7,1.1,0.0,0.0,609.0,9.0,15.0,-15.0,31063.0
286,2021-09-26,ON,0.0,0.0,0.0,0.0,0.0,0.0,0.0,0.0,0.0,440.0,3.0,-18.0,-1.0,22633.0
287,2021-09-27,ON,0.0,0.0,0.0,0.0,0.0,0.0,0.0,0.0,0.0,484.0,6.0,-22.0,7.0,23785.0
288,2021-09-28,ON,0.0,0.0,0.0,0.0,0.0,0.0,0.0,0.0,0.0,591.0,6.0,34.0,-4.0,36404.0
289,2021-09-29,ON,0.0,0.0,0.0,0.0,0.0,0.0,0.0,0.0,0.0,647.0,4.0,-25.0,-8.0,38788.0
290,2021-09-30,ON,0.0,0.0,0.0,0.0,0.0,0.0,0.0,0.0,0.0,645.0,5.0,27.0,-1.0,35927.0
291,2021-10-01,ON,0.0,0.0,0.0,0.0,0.0,0.0,0.0,0.0,0.0,604.0,4.0,-40.0,-8.0,29510.0
292,2021-10-02,ON,81874.0,139697.0,0.0,0.0,221571.0,0.5,0.9,0.0,0.0,537.0,3.0,-6.0,-1.0,32220.0
293,2021-10-03,ON,0.0,0.0,0.0,0.0,0.0,0.0,0.0,0.0,0.0,516.0,6.0,-22.0,1.0,23667.0
294,2021-10-04,ON,0.0,0.0,0.0,0.0,0.0,0.0,0.0,0.0,0.0,405.0,5.0,6.0,-4.0,25441.0
295,2021-10-05,ON,0.0,0.0,0.0,0.0,0.0,0.0,0.0,0.0,0.0,626.0,5.0,14.0,-4.0,39460.0
296,2021-10-06,ON,0.0,0.0,0.0,0.0,0.0,0.0,0.0,0.0,0.0,568.0,6.0,11.0,1.0,37057.0
297,2021-10-07,ON,0.0,0.0,0.0,0.0,0.0,0.0,0.0,0.0,0.0,660.0,4.0,-1.0,-7.0,37118.0
298,2021-10-08,ON,0.0,0.0,0.0,0.0,0.0,0.0,0.0,0.0,0.0,573.0,5.0,-13.0,5.0,31123.0
299,2021-10-09,ON,73360.0,125356.0,0.0,0.0,198716.0,0.5,0.9,0.0,0.0,493.0,5.0,-12.0,-1.0,29755.0
300,2021-10-10,ON,0.0,0.0,0.0,0.0,0.0,0.0,0.0,0.0,0.0,354.0,3.0,-2.0,0.0,20785.0
301,2021-10-11,ON,0.0,0.0,0.0,0.0,0.0,0.0,0.0,0.0,0.0,350.0,1.0,-20.0,2.0,18280.0
302,2021-10-12,ON,0.0,0.0,0.0,0.0,0.0,0.0,0.0,0.0,0.0,368.0,4.0,12.0,-6.0,23219.0
303,2021-10-13,ON,0.0,0.0,0.0,0.0,0.0,0.0,0.0,0.0,0.0,372.0,4.0,-4.0,4.0,35421.0
304,2021-10-14,ON,0.0,0.0,0.0,0.0,0.0,0.0,0.0,0.0,0.0,598.0,3.0,15.0,5.0,35905.0
305,2021-10-15,ON,0.0,0.0,0.0,0.0,0.0,0.0,0.0,0.0,0.0,490.0,3.0,13.0,5.0,32626.0
306,2021-10-16,ON,54805.0,103147.0,0.0,0.0,157952.0,0.4,0.7,0.0,0.0,370.0,2.0,-27.0,1.0,27395.0
307,2021-10-17,ON,0.0,0.0,0.0,0.0,0.0,0.0,0.0,0.0,0.0,367.0,3.0,3.0,0.0,20432.0
308,2021-10-18,ON,0.0,0.0,0.0,0.0,0.0,0.0,0.0,0.0,0.0,300.0,4.0,-9.0,4.0,20792.0
309,2021-10-19,ON,0.0,0.0,0.0,0.0,0.0,0.0,0.0,0.0,0.0,370.0,6.0,24.0,-9.0,31569.0
310,2021-10-20,ON,0.0,0.0,0.0,0.0,0.0,0.0,0.0,0.0,0.0,451.0,6.0,-3.0,0.0,31889.0
311,2021-10-21,ON,0.0,0.0,0.0,0.0,0.0,0.0,0.0,0.0,0.0,414.0,9.0,17.0,2.0,28906.0
312,2021-10-22,ON,0.0,0.0,0.0,0.0,0.0,0.0,0.0,0.0,0.0,410.0,3.0,-14.0,-12.0,27302.0
313,2021-10-23,ON,53303.0,100690.0,0.0,0.0,153993.0,0.4,0.6,0.0,0.0,311.0,1.0,10.0,-13.0,25328.0
314,2021-10-24,ON,0.0,0.0,0.0,0.0,0.0,0.0,0.0,0.0,0.0,241.0,7.0,-23.0,1.0,18397.0
315,2021-10-25,ON,0.0,0.0,0.0,0.0,0.0,0.0,0.0,0.0,0.0,296.0,3.0,2.0,1.0,21827.0
316,2021-10-26,ON,0.0,0.0,0.0,0.0,0.0,0.0,0.0,0.0,0.0,330.0,5.0,-9.0,0.0,30776.0
317,2021-10-27,ON,0.0,0.0,0.0,0.0,0.0,0.0,0.0,0.0,0.0,465.0,0.0,-19.0,-4.0,31383.0
318,2021-10-28,ON,0.0,0.0,0.0,0.0,0.0,0.0,0.0,0.0,0.0,415.0,4.0,-14.0,-2.0,29592.0
319,2021-10-29,ON,0.0,0.0,0.0,0.0,0.0,0.0,0.0,0.0,0.0,348.0,3.0,8.0,-2.0,26767.0
320,2021-10-30,ON,42813.0,87044.0,0.0,0.0,129857.0,0.2,0.6,0.0,0.0,410.0,6.0,3.0,2.0,25707.0
321,2021-10-31,ON,0.0,0.0,0.0,0.0,0.0,0.0,0.0,0.0,0.0,336.0,2.0,-4.0,1.0,19840.0
322,2021-11-01,ON,0.0,0.0,0.0,0.0,0.0,0.0,0.0,0.0,0.0,334.0,4.0,8.0,0.0,20148.0
323,2021-11-02,ON,0.0,0.0,0.0,0.0,0.0,0.0,0.0,0.0,0.0,428.0,4.0,17.0,3.0,32950.0
324,2021-11-03,ON,0.0,0.0,0.0,0.0,0.0,0.0,0.0,0.0,0.0,528.0,2.0,-2.0,1.0,32129.0
325,2021-11-04,ON,0.0,0.0,0.0,0.0,0.0,0.0,0.0,0.0,0.0,527.0,4.0,-3.0,-7.0,30187.0
326,2021-11-05,ON,0.0,0.0,0.0,0.0,0.0,0.0,0.0,0.0,0.0,602.0,5.0,-9.0,-1.0,30145.0
327,2021-11-06,ON,34909.0,67168.0,0.0,0.0,102077.0,0.3,0.5,0.0,0.0,535.0,3.0,-22.0,1.0,27146.0
328,2021-11-07,ON,0.0,0.0,0.0,0.0,0.0,0.0,0.0,0.0,0.0,479.0,5.0,-1.0,-4.0,22980.0
329,2021-11-08,ON,0.0,0.0,0.0,0.0,0.0,0.0,0.0,0.0,0.0,397.0,7.0,27.0,1.0,19368.0
330,2021-11-09,ON,0.0,0.0,0.0,0.0,0.0,0.0,0.0,0.0,0.0,573.0,1.0,17.0,7.0,33364.0
331,2021-11-10,ON,0.0,0.0,0.0,0.0,0.0,0.0,0.0,0.0,0.0,594.0,4.0,-4.0,2.0,29814.0
332,2021-11-11,ON,0.0,0.0,0.0,0.0,0.0,0.0,0.0,0.0,0.0,696.0,6.0,11.0,-4.0,30230.0
333,2021-11-12,ON,0.0,0.0,0.0,0.0,0.0,0.0,0.0,0.0,0.0,648.0,7.0,12.0,-2.0,26456.0
334,2021-11-13,ON,33618.0,62812.0,0.0,0.0,96430.0,0.2,0.4,0.0,0.0,595.0,4.0,1.0,1.0,24853.0
335,2021-11-14,ON,0.0,0.0,0.0,0.0,0.0,0.0,0.0,0.0,0.0,500.0,2.0,15.0,2.0,21475.0
336,2021-11-15,ON,0.0,0.0,0.0,0.0,0.0,0.0,0.0,0.0,0.0,495.0,4.0,19.0,8.0,18965.0
337,2021-11-16,ON,0.0,0.0,0.0,0.0,0.0,0.0,0.0,0.0,0.0,664.0,6.0,2.0,-2.0,28931.0
338,2021-11-17,ON,0.0,0.0,0.0,0.0,0.0,0.0,0.0,0.0,0.0,703.0,6.0,-22.0,-6.0,34347.0
339,2021-11-18,ON,0.0,0.0,0.0,0.0,0.0,0.0,0.0,0.0,0.0,815.0,5.0,-4.0,-4.0,30515.0
340,2021-11-19,ON,0.0,0.0,0.0,0.0,0.0,0.0,0.0,0.0,0.0,665.0,6.0,-6.0,-1.0,30138.0
341,2021-11-20,ON,32895.0,57402.0,0.0,0.0,90297.0,0.2,0.4,0.0,0.0,734.0,7.0,11.0,5.0,29799.0
342,2021-11-21,ON,0.0,0.0,0.0,0.0,0.0,0.0,0.0,0.0,0.0,594.0,2.0,-19.0,2.0,19552.0
343,2021-11-22,ON,0.0,0.0,0.0,0.0,0.0,0.0,0.0,0.0,0.0,557.0,4.0,9.0,-2.0,19859.0
344,2021-11-23,ON,0.0,0.0,0.0,0.0,0.0,0.0,0.0,0.0,0.0,753.0,5.0,14.0,1.0,30092.0
345,2021-11-24,ON,0.0,0.0,0.0,0.0,0.0,0.0,0.0,0.0,0.0,749.0,6.0,1.0,3.0,33932.0
346,2021-11-25,ON,0.0,0.0,0.0,0.0,0.0,0.0,0.0,0.0,0.0,989.0,2.0,-29.0,0.0,33901.0
347,2021-11-26,ON,0.0,0.0,0.0,0.0,0.0,0.0,0.0,0.0,0.0,908.0,4.0,9.0,3.0,31444.0
348,2021-11-27,ON,79485.0,46451.0,0.0,0.0,125936.0,0.6,0.3,0.0,0.0,884.0,3.0,-14.0,-6.0,29692.0
349,2021-11-28,ON,0.0,0.0,0.0,0.0,0.0,0.0,0.0,0.0,0.0,719.0,4.0,1.0,1.0,26016.0
350,2021-11-29,ON,0.0,0.0,0.0,0.0,0.0,0.0,0.0,0.0,0.0,679.0,4.0,26.0,13.0,21476.0
351,2021-11-30,ON,0.0,0.0,0.0,0.0,0.0,0.0,0.0,0.0,0.0,941.0,8.0,13.0,5.0,35364.0
352,2021-12-01,ON,0.0,0.0,0.0,0.0,0.0,0.0,0.0,0.0,0.0,1047.0,4.0,5.0,2.0,38480.0
353,2021-12-02,ON,0.0,0.0,0.0,0.0,0.0,0.0,0.0,0.0,0.0,1096.0,6.0,-5.0,0.0,39748.0
354,2021-12-03,ON,0.0,0.0,0.0,0.0,0.0,0.0,0.0,0.0,0.0,1145.0,5.0,-4.0,-9.0,36268.0
355,2021-12-04,ON,131788.0,3348.0,0.0,0.0,135136.0,0.9,0.0,0.0,0.0,975.0,8.0,-2.0,14.0,31735.0
356,2021-12-05,ON,0.0,0.0,0.0,0.0,0.0,0.0,0.0,0.0,0.0,820.0,10.0,3.0,4.0,25981.0
357,2021-12-06,ON,0.0,0.0,0.0,0.0,0.0,0.0,0.0,0.0,0.0,999.0,6.0,26.0,4.0,26136.0
358,2021-12-07,ON,0.0,0.0,0.0,0.0,0.0,0.0,0.0,0.0,0.0,1164.0,5.0,31.0,-3.0,38502.0
359,2021-12-08,ON,0.0,0.0,0.0,0.0,0.0,0.0,0.0,0.0,0.0,1357.0,8.0,-12.0,-10.0,40242.0
360,2021-12-09,ON,0.0,0.0,0.0,0.0,0.0,0.0,0.0,0.0,0.0,1558.0,4.0,-24.0,0.0,39941.0
361,2021-12-10,ON,0.0,0.0,0.0,0.0,0.0,0.0,0.0,0.0,0.0,1530.0,12.0,-2.0,-4.0,42205.0
362,2021-12-11,ON,134454.0,31805.0,1105619.0,0.0,1271878.0,0.9,0.2,7.5,0.0,1583.0,4.0,13.0,-5.0,38477.0
363,2021-12-12,ON,0.0,0.0,0.0,0.0,0.0,0.0,0.0,0.0,0.0,1442.0,2.0,7.0,12.0,38331.0
364,2021-12-13,ON,0.0,0.0,0.0,0.0,0.0,0.0,0.0,0.0,0.0,1505.0,6.0,39.0,3.0,33400.0
365,2021-12-14,ON,0.0,0.0,0.0,0.0,0.0,0.0,0.0,0.0,0.0,2173.0,6.0,20.0,1.0,44726.0
366,2021-12-15,ON,0.0,0.0,0.0,0.0,0.0,0.0,0.0,0.0,0.0,3077.0,10.0,-31.0,-8.0,54724.0
367,2021-12-16,ON,0.0,0.0,0.0,0.0,0.0,0.0,0.0,0.0,0.0,3118.0,3.0,-14.0,11.0,54724.0
368,2021-12-17,ON,0.0,0.0,0.0,0.0,0.0,0.0,0.0,0.0,0.0,3913.0,7.0,16.0,-8.0,51636.0
369,2021-12-18,ON,94263.0,30271.0,742329.0,0.0,866863.0,0.6,0.2,5.0,0.0,3886.0,10.0,23.0,-3.0,54407.0
370,2021-12-19,ON,0.0,0.0,0.0,0.0,0.0,0.0,0.0,0.0,0.0,3737.0,5.0,-8.0,5.0,51151.0
371,2021-12-20,ON,0.0,0.0,0.0,0.0,0.0,0.0,0.0,0.0,0.0,4337.0,4.0,17.0,5.0,44123.0
372,2021-12-21,ON,0.0,0.0,0.0,0.0,0.0,0.0,0.0,0.0,0.0,5479.0,9.0,24.0,1.0,49285.0
373,2021-12-22,ON,0.0,0.0,0.0,0.0,0.0,0.0,0.0,0.0,0.0,8205.0,3.0,9.0,3.0,55381.0
374,2021-12-23,ON,0.0,0.0,0.0,0.0,0.0,0.0,0.0,0.0,0.0,11113.0,14.0,29.0,1.0,68191.0
375,2021-12-24,ON,0.0,0.0,0.0,0.0,0.0,0.0,0.0,0.0,0.0,10990.0,11.0,62.0,-5.0,72639.0
376,2021-12-25,ON,75410.0,33110.0,1045553.0,0.0,1154073.0,0.5,0.3,7.0,0.0,9300.0,5.0,10.0,3.0,56695.0
377,2021-12-26,ON,0.0,0.0,0.0,0.0,0.0,0.0,0.0,0.0,0.0,9545.0,5.0,33.0,1.0,48479.0
378,2021-12-27,ON,0.0,0.0,0.0,0.0,0.0,0.0,0.0,0.0,0.0,9958.0,8.0,65.0,8.0,53311.0
379,2021-12-28,ON,0.0,0.0,0.0,0.0,0.0,0.0,0.0,0.0,0.0,12881.0,8.0,91.0,11.0,59259.0
380,2021-12-29,ON,0.0,0.0,0.0,0.0,0.0,0.0,0.0,0.0,0.0,17318.0,15.0,148.0,3.0,67301.0
381,2021-12-30,ON,0.0,0.0,0.0,0.0,0.0,0.0,0.0,0.0,0.0,17565.0,11.0,115.0,10.0,75093.0
382,2021-12-31,ON,0.0,0.0,0.0,0.0,0.0,0.0,0.0,0.0,0.0,19509.0,24.0,196.0,5.0,69768.0
383,2022-01-01,ON,46572.0,23217.0,790019.0,0.0,859808.0,0.3,0.1,5.3,0.0,15531.0,13.0,148.0,9.0,62002.0
384,2022-01-02,ON,0.0,0.0,0.0,0.0,0.0,0.0,0.0,0.0,0.0,12781.0,17.0,117.0,10.0,54346.0
385,2022-01-03,ON,0.0,0.0,0.0,0.0,0.0,0.0,0.0,0.0,0.0,11911.0,21.0,213.0,24.0,49737.0
386,2022-01-04,ON,0.0,0.0,0.0,0.0,0.0,0.0,0.0,0.0,0.0,13305.0,19.0,272.0,18.0,59137.0
387,2022-01-05,ON,0.0,0.0,0.0,0.0,0.0,0.0,0.0,0.0,0.0,13589.0,30.0,232.0,22.0,59241.0
388,2022-01-06,ON,0.0,0.0,0.0,0.0,0.0,0.0,0.0,0.0,0.0,14118.0,29.0,118.0,31.0,61137.0
389,2022-01-07,ON,0.0,0.0,0.0,0.0,0.0,0.0,0.0,0.0,0.0,13468.0,25.0,209.0,19.0,55700.0
390,2022-01-08,ON,61350.0,49172.0,1001673.0,0.0,1112195.0,-1.1,-1.1,6.2,0.0,12185.0,37.0,124.0,47.0,49442.0
391,2022-01-09,ON,0.0,0.0,0.0,0.0,0.0,0.0,0.0,0.0,0.0,9152.0,36.0,262.0,27.0,40692.0
392,2022-01-10,ON,0.0,0.0,0.0,0.0,0.0,0.0,0.0,0.0,0.0,10176.0,49.0,257.0,26.0,45451.0
393,2022-01-11,ON,0.0,0.0,0.0,0.0,0.0,0.0,0.0,0.0,0.0,10529.0,52.0,134.0,39.0,56420.0
394,2022-01-12,ON,0.0,0.0,0.0,0.0,0.0,0.0,0.0,0.0,0.0,11920.0,32.0,192.0,28.0,58831.0
395,2022-01-13,ON,0.0,0.0,0.0,0.0,0.0,0.0,0.0,0.0,0.0,10721.0,50.0,179.0,-5.0,58031.0
396,2022-01-14,ON,0.0,0.0,0.0,0.0,0.0,0.0,0.0,0.0,0.0,11341.0,45.0,186.0,27.0,56318.0
397,2022-01-15,ON,73352.0,69712.0,849456.0,0.0,992520.0,0.5,0.5,5.6,0.0,9806.0,62.0,143.0,31.0,52676.0
398,2022-01-16,ON,0.0,0.0,0.0,0.0,0.0,0.0,0.0,0.0,0.0,7337.0,61.0,-80.0,21.0,37059.0
399,2022-01-17,ON,0.0,0.0,0.0,0.0,0.0,0.0,0.0,0.0,0.0,6505.0,59.0,167.0,-1.0,31355.0
400,2022-01-18,ON,0.0,0.0,0.0,0.0,0.0,0.0,0.0,0.0,0.0,6953.0,56.0,143.0,2.0,34579.0
401,2022-01-19,ON,0.0,0.0,0.0,0.0,0.0,0.0,0.0,0.0,0.0,6971.0,56.0,-71.0,9.0,42907.0
402,2022-01-20,ON,0.0,0.0,0.0,0.0,0.0,0.0,0.0,0.0,0.0,7557.0,67.0,-58.0,5.0,41538.0
403,2022-01-21,ON,0.0,0.0,0.0,0.0,0.0,0.0,0.0,0.0,0.0,5665.0,64.0,53.0,-4.0,36396.0
404,2022-01-22,ON,58299.0,74518.0,502834.0,0.0,635651.0,0.4,0.5,3.4,0.0,5826.0,82.0,-88.0,10.0,32247.0
405,2022-01-23,ON,0.0,0.0,0.0,0.0,0.0,0.0,0.0,0.0,0.0,3452.0,84.0,-125.0,4.0,20716.0
406,2022-01-24,ON,0.0,0.0,0.0,0.0,0.0,0.0,0.0,0.0,0.0,4653.0,49.0,23.0,11.0,20716.0
407,2022-01-25,ON,0.0,0.0,0.0,0.0,0.0,0.0,0.0,0.0,0.0,5470.0,69.0,93.0,11.0,33687.0
408,2022-01-26,ON,0.0,0.0,0.0,0.0,0.0,0.0,0.0,0.0,0.0,5865.0,63.0,-202.0,-18.0,33560.0
409,2022-01-27,ON,0.0,0.0,0.0,0.0,0.0,0.0,0.0,0.0,0.0,5010.0,52.0,-164.0,-9.0,32672.0
410,2022-01-28,ON,0.0,0.0,0.0,0.0,0.0,0.0,0.0,0.0,0.0,4333.0,53.0,-114.0,8.0,29241.0
411,2022-01-29,ON,0.0,0.0,0.0,0.0,0.0,0.0,0.0,0.0,0.0,3325.0,54.0,-96.0,-10.0,23638.0
412,2022-01-30,ON,43019.0,108197.0,337828.0,0.0,489044.0,0.2,0.7,2.2,0.0,2589.0,59.0,-183.0,-10.0,15008.0
413,2022-01-31,ON,0.0,0.0,0.0,0.0,0.0,0.0,0.0,0.0,0.0,3025.0,53.0,-24.0,-4.0,16380.0
414,2022-02-01,ON,0.0,0.0,0.0,0.0,0.0,0.0,0.0,0.0,0.0,3941.0,41.0,20.0,-15.0,27720.0
415,2022-02-02,ON,0.0,0.0,0.0,0.0,0.0,0.0,0.0,0.0,0.0,4048.0,49.0,-314.0,-13.0,28493.0
416,2022-02-03,ON,0.0,0.0,0.0,0.0,0.0,0.0,0.0,0.0,0.0,3344.0,52.0,-134.0,-14.0,25118.0
417,2022-02-04,ON,0.0,0.0,0.0,0.0,0.0,0.0,0.0,0.0,0.0,3135.0,49.0,-171.0,-24.0,22527.0
418,2022-02-05,ON,0.0,0.0,0.0,0.0,0.0,0.0,0.0,0.0,0.0,2200.0,46.0,-141.0,-16.0,17502.0
419,2022-02-06,ON,32874.0,95101.0,223062.0,0.0,351037.0,0.3,0.6,1.5,0.0,1897.0,32.0,-178.0,-15.0,12880.0
420,2022-02-07,ON,0.0,0.0,0.0,0.0,0.0,0.0,0.0,0.0,0.0,2647.0,34.0,-46.0,0.0,15788.0
421,2022-02-08,ON,0.0,0.0,0.0,0.0,0.0,0.0,0.0,0.0,0.0,3224.0,35.0,-15.0,-12.0,22906.0
422,2022-02-09,ON,0.0,0.0,0.0,0.0,0.0,0.0,0.0,0.0,0.0,2776.0,35.0,-196.0,-25.0,22417.0
423,2022-02-10,ON,0.0,0.0,0.0,0.0,0.0,0.0,0.0,0.0,0.0,2778.0,27.0,-156.0,-4.0,20936.0
424,2022-02-11,ON,0.0,0.0,0.0,0.0,0.0,0.0,0.0,0.0,0.0,2627.0,30.0,-73.0,-10.0,18985.0
425,2022-02-12,ON,0.0,0.0,0.0,0.0,0.0,0.0,0.0,0.0,0.0,1804.0,27.0,-118.0,-21.0,13998.0
426,2022-02-13,ON,28322.0,78926.0,151488.0,0.0,258736.0,0.2,0.5,1.0,0.0,1295.0,24.0,-195.0,-12.0,9962.0
427,2022-02-14,ON,0.0,0.0,0.0,0.0,0.0,0.0,0.0,0.0,0.0,1974.0,25.0,-3.0,-8.0,12961.0
428,2022-02-15,ON,0.0,0.0,0.0,0.0,0.0,0.0,0.0,0.0,0.0,2334.0,15.0,48.0,-10.0,19839.0
429,2022-02-16,ON,0.0,0.0,0.0,0.0,0.0,0.0,0.0,0.0,0.0,2197.0,24.0,-132.0,-20.0,18462.0
430,2022-02-17,ON,0.0,0.0,0.0,0.0,0.0,0.0,0.0,0.0,0.0,2352.0,24.0,-79.0,-8.0,17758.0
431,2022-02-18,ON,0.0,0.0,0.0,0.0,0.0,0.0,0.0,0.0,0.0,1848.0,29.0,-65.0,-4.0,14174.0
432,2022-02-19,ON,0.0,0.0,0.0,0.0,0.0,0.0,0.0,0.0,0.0,1515.0,25.0,-95.0,-23.0,16752.0
433,2022-02-20,ON,19391.0,59103.0,127981.0,0.0,206475.0,0.1,0.4,0.8,0.0,1175.0,24.0,-65.0,-5.0,8924.0
434,2022-02-21,ON,0.0,0.0,0.0,0.0,0.0,0.0,0.0,0.0,0.0,1266.0,22.0,-1.0,-4.0,15365.0
435,2022-02-22,ON,0.0,0.0,0.0,0.0,0.0,0.0,0.0,0.0,0.0,1812.0,19.0,14.0,-1.0,15692.0
436,2022-02-23,ON,0.0,0.0,0.0,0.0,0.0,0.0,0.0,0.0,0.0,2304.0,16.0,-28.0,0.0,21449.0
437,2022-02-24,ON,0.0,0.0,0.0,0.0,0.0,0.0,0.0,0.0,0.0,2258.0,15.0,-45.0,-17.0,21550.0
438,2022-02-25,ON,0.0,0.0,0.0,0.0,0.0,0.0,0.0,0.0,0.0,1962.0,10.0,-53.0,-5.0,16052.0
439,2022-02-26,ON,0.0,0.0,0.0,0.0,0.0,0.0,0.0,0.0,0.0,1581.0,12.0,21.0,-13.0,15434.0
440,2022-02-27,ON,12486.0,37657.0,91210.0,0.0,141353.0,0.1,0.3,0.6,0.0,1132.0,14.0,-122.0,-3.0,12116.0
441,2022-02-28,ON,0.0,0.0,0.0,0.0,0.0,0.0,0.0,0.0,0.0,1391.0,11.0,-11.0,-2.0,13087.0
442,2022-03-01,ON,0.0,0.0,0.0,0.0,0.0,0.0,0.0,0.0,0.0,2074.0,14.0,14.0,-1.0,18094.0
443,2022-03-02,ON,0.0,0.0,0.0,0.0,0.0,0.0,0.0,0.0,0.0,1949.0,15.0,-68.0,-5.0,16606.0
444,2022-03-03,ON,0.0,0.0,0.0,0.0,0.0,0.0,0.0,0.0,0.0,1808.0,12.0,-10.0,-6.0,15925.0
445,2022-03-04,ON,0.0,0.0,0.0,0.0,0.0,0.0,0.0,0.0,0.0,1676.0,9.0,-13.0,-5.0,14264.0
446,2022-03-05,ON,0.0,0.0,0.0,0.0,0.0,0.0,0.0,0.0,0.0,1330.0,12.0,-25.0,-9.0,12119.0
447,2022-03-06,ON,8783.0,28823.0,60167.0,0.0,97773.0,0.0,0.2,0.4,0.0,979.0,15.0,-37.0,-6.0,9447.0
448,2022-03-07,ON,0.0,0.0,0.0,0.0,0.0,0.0,0.0,0.0,0.0,1463.0,8.0,-1.0,2.0,11128.0
449,2022-03-08,ON,0.0,0.0,0.0,0.0,0.0,0.0,0.0,0.0,0.0,2123.0,9.0,22.0,-3.0,17571.0
450,2022-03-09,ON,0.0,0.0,0.0,0.0,0.0,0.0,0.0,0.0,0.0,1544.0,8.0,-28.0,-5.0,14695.0
451,2022-03-10,ON,0.0,0.0,0.0,0.0,0.0,0.0,0.0,0.0,0.0,2184.0,8.0,-21.0,3.0,14571.0
452,2022-03-11,ON,0.0,0.0,0.0,0.0,0.0,0.0,0.0,0.0,0.0,1702.0,9.0,-24.0,-6.0,13005.0
453,2022-03-12,ON,0.0,0.0,0.0,0.0,0.0,0.0,0.0,0.0,0.0,1366.0,6.0,15.0,-6.0,11874.0
454,2022-03-13,ON,7876.0,25813.0,48194.0,0.0,81883.0,0.1,0.1,0.3,0.0,968.0,6.0,-46.0,-4.0,7565.0
455,2022-03-14,ON,0.0,0.0,0.0,0.0,0.0,0.0,0.0,0.0,0.0,1396.0,6.0,9.0,0.0,9698.0
456,2022-03-15,ON,0.0,0.0,0.0,0.0,0.0,0.0,0.0,0.0,0.0,1994.0,10.0,6.0,-8.0,15702.0
457,2022-03-16,ON,0.0,0.0,0.0,0.0,0.0,0.0,0.0,0.0,0.0,1941.0,9.0,-41.0,-16.0,14648.0
458,2022-03-17,ON,0.0,0.0,0.0,0.0,0.0,0.0,0.0,0.0,0.0,2000.0,6.0,-8.0,-5.0,14198.0
459,2022-03-18,ON,0.0,0.0,0.0,0.0,0.0,0.0,0.0,0.0,0.0,1731.0,14.0,-16.0,-6.0,12180.0
460,2022-03-19,ON,0.0,0.0,0.0,0.0,0.0,0.0,0.0,0.0,0.0,1296.0,8.0,-6.0,-8.0,10967.0
461,2022-03-20,ON,6637.0,24145.0,43306.0,0.0,74088.0,0.0,0.2,0.3,0.0,1290.0,12.0,-26.0,-3.0,8644.0
462,2022-03-21,ON,0.0,0.0,0.0,0.0,0.0,0.0,0.0,0.0,0.0,1501.0,5.0,35.0,-1.0,10433.0
463,2022-03-22,ON,0.0,0.0,0.0,0.0,0.0,0.0,0.0,0.0,0.0,2473.0,8.0,36.0,-2.0,10433.0
464,2022-03-23,ON,0.0,0.0,0.0,0.0,0.0,0.0,0.0,0.0,0.0,2382.0,7.0,-37.0,-5.0,15515.0
465,2022-03-24,ON,0.0,0.0,0.0,0.0,0.0,0.0,0.0,0.0,0.0,2572.0,7.0,37.0,-9.0,17654.0
466,2022-03-25,ON,0.0,0.0,0.0,0.0,0.0,0.0,0.0,0.0,0.0,2438.0,8.0,7.0,-4.0,17341.0
467,2022-03-26,ON,0.0,0.0,0.0,0.0,0.0,0.0,0.0,0.0,0.0,1705.0,7.0,39.0,-4.0,16066.0
468,2022-03-27,ON,5002.0,16147.0,30811.0,0.0,51960.0,0.0,0.1,0.2,0.0,1658.0,6.0,-55.0,0.0,6243.0
469,2022-03-28,ON,0.0,0.0,0.0,0.0,0.0,0.0,0.0,0.0,0.0,1929.0,10.0,109.0,1.0,12302.0
470,2022-03-29,ON,0.0,0.0,0.0,0.0,0.0,0.0,0.0,0.0,0.0,2687.0,7.0,26.0,7.0,17309.0
471,2022-03-30,ON,0.0,0.0,0.0,0.0,0.0,0.0,0.0,0.0,0.0,3171.0,11.0,-6.0,0.0,18318.0
472,2022-03-31,ON,0.0,0.0,0.0,0.0,0.0,0.0,0.0,0.0,0.0,2966.0,10.0,20.0,1.0,17468.0
473,2022-04-01,ON,0.0,0.0,0.0,0.0,0.0,0.0,0.0,0.0,0.0,3105.0,7.0,-2.0,1.0,16001.0
474,2022-04-02,ON,0.0,0.0,0.0,0.0,0.0,0.0,0.0,0.0,0.0,2550.0,6.0,50.0,-2.0,14095.0
475,2022-04-03,ON,5085.0,12904.0,28627.0,0.0,46616.0,0.1,0.1,0.2,0.0,1905.0,14.0,38.0,1.0,11195.0
476,2022-04-04,ON,0.0,0.0,0.0,0.0,0.0,0.0,0.0,0.0,0.0,2595.0,6.0,82.0,2.0,14474.0
477,2022-04-05,ON,0.0,0.0,0.0,0.0,0.0,0.0,0.0,0.0,0.0,3872.0,7.0,132.0,5.0,21553.0
478,2022-04-06,ON,0.0,0.0,0.0,0.0,0.0,0.0,0.0,0.0,0.0,3674.0,8.0,-24.0,-5.0,21347.0
479,2022-04-07,ON,0.0,0.0,0.0,0.0,0.0,0.0,0.0,0.0,0.0,3713.0,11.0,45.0,-9.0,17565.0
480,2022-04-08,ON,0.0,0.0,0.0,0.0,0.0,0.0,0.0,0.0,0.0,3722.0,7.0,20.0,7.0,18678.0
481,2022-04-09,ON,0.0,0.0,0.0,0.0,0.0,0.0,0.0,0.0,0.0,3079.0,7.0,75.0,2.0,16816.0
482,2022-04-10,ON,3204.0,9072.0,29616.0,0.0,41892.0,0.0,0.1,0.2,0.0,2063.0,18.0,-64.0,5.0,12149.0
483,2022-04-11,ON,0.0,0.0,0.0,0.0,0.0,0.0,0.0,0.0,0.0,2799.0,10.0,149.0,11.0,14183.0
484,2022-04-12,ON,0.0,0.0,0.0,0.0,0.0,0.0,0.0,0.0,0.0,4229.0,13.0,70.0,6.0,23618.0
485,2022-04-13,ON,0.0,0.0,0.0,0.0,0.0,0.0,0.0,0.0,0.0,4267.0,19.0,-12.0,-8.0,23046.0
486,2022-04-14,ON,0.0,0.0,0.0,0.0,0.0,0.0,0.0,0.0,0.0,4145.0,12.0,33.0,-5.0,20538.0
487,2022-04-15,ON,0.0,0.0,0.0,0.0,0.0,0.0,0.0,0.0,0.0,3503.0,13.0,45.0,5.0,19282.0
488,2022-04-16,ON,0.0,0.0,0.0,0.0,0.0,0.0,0.0,0.0,0.0,2100.0,21.0,36.0,3.0,10451.0
489,2022-04-17,ON,0.0,0.0,0.0,0.0,0.0,0.0,0.0,0.0,0.0,2208.0,17.0,47.0,12.0,10060.0
490,2022-04-18,ON,0.0,0.0,0.0,0.0,0.0,0.0,0.0,0.0,0.0,1133.0,21.0,3.0,5.0,15322.0
491,2022-04-19,ON,0.0,0.0,0.0,0.0,0.0,0.0,0.0,0.0,0.0,3460.0,7.0,62.0,4.0,21988.0
492,2022-04-20,ON,0.0,0.0,0.0,0.0,0.0,0.0,0.0,0.0,0.0,4678.0,20.0,77.0,-3.0,20840.0
493,2022-04-21,ON,0.0,0.0,0.0,0.0,0.0,0.0,0.0,0.0,0.0,3692.0,15.0,-5.0,4.0,20828.0
494,2022-04-22,ON,0.0,0.0,0.0,0.0,0.0,0.0,0.0,0.0,0.0,4132.0,17.0,-7.0,7.0,20004.0
495,2022-04-23,ON,0.0,0.0,0.0,0.0,0.0,0.0,0.0,0.0,0.0,2645.0,3.0,37.0,-2.0,16139.0
496,2022-04-24,ON,10890.0,18252.0,54651.0,0.0,83793.0,0.1,0.1,0.4,0.0,1741.0,13.0,-38.0,0.0,13247.0
497,2022-04-25,ON,0.0,0.0,0.0,0.0,0.0,0.0,0.0,0.0,0.0,2059.0,14.0,39.0,7.0,13451.0
498,2022-04-26,ON,0.0,0.0,0.0,0.0,0.0,0.0,0.0,0.0,0.0,3615.0,21.0,45.0,0.0,23230.0
499,2022-04-27,ON,0.0,0.0,0.0,0.0,0.0,0.0,0.0,0.0,0.0,2758.0,10.0,0.0,-8.0,18875.0
500,2022-04-28,ON,0.0,0.0,0.0,0.0,0.0,0.0,0.0,0.0,0.0,2761.0,23.0,-10.0,-9.0,19235.0
501,2022-04-29,ON,0.0,0.0,0.0,0.0,0.0,0.0,0.0,0.0,0.0,2442.0,10.0,-19.0,7.0,16841.0
502,2022-04-30,ON,0.0,0.0,0.0,0.0,0.0,0.0,0.0,0.0,0.0,1790.0,15.0,0.0,-21.0,13492.0
503,2022-05-01,ON,0.0,0.0,0.0,0.0,0.0,0.0,0.0,0.0,0.0,1359.0,19.0,-40.0,-1.0,11849.0
504,2022-05-02,ON,0.0,0.0,0.0,0.0,0.0,0.0,0.0,0.0,0.0,1908.0,25.0,61.0,24.0,11755.0
505,2022-05-03,ON,0.0,0.0,0.0,0.0,0.0,0.0,0.0,0.0,0.0,2701.0,13.0,45.0,-9.0,18320.0
506,2022-05-04,ON,0.0,0.0,0.0,0.0,0.0,0.0,0.0,0.0,0.0,2219.0,23.0,-56.0,-3.0,17927.0
507,2022-05-05,ON,0.0,0.0,0.0,0.0,0.0,0.0,0.0,0.0,0.0,2336.0,13.0,5.0,6.0,17744.0
508,2022-05-06,ON,0.0,0.0,0.0,0.0,0.0,0.0,0.0,0.0,0.0,2027.0,19.0,-63.0,5.0,14521.0
509,2022-05-07,ON,0.0,0.0,0.0,0.0,0.0,0.0,0.0,0.0,0.0,1559.0,18.0,-23.0,-6.0,12827.0
510,2022-05-08,ON,9401.0,14240.0,41097.0,761551.0,826289.0,0.0,0.1,0.3,5.0,1018.0,18.0,-44.0,3.0,7702.0
511,2022-05-09,ON,0.0,0.0,0.0,0.0,0.0,0.0,0.0,0.0,0.0,1553.0,12.0,-29.0,-6.0,11576.0
512,2022-05-10,ON,0.0,0.0,0.0,0.0,0.0,0.0,0.0,0.0,0.0,2067.0,11.0,12.0,-13.0,20465.0
513,2022-05-11,ON,0.0,0.0,0.0,0.0,0.0,0.0,0.0,0.0,0.0,2032.0,11.0,-24.0,-12.0,16360.0
514,2022-05-12,ON,0.0,0.0,0.0,0.0,0.0,0.0,0.0,0.0,0.0,1810.0,13.0,-61.0,-1.0,16020.0
515,2022-05-13,ON,0.0,0.0,0.0,0.0,0.0,0.0,0.0,0.0,0.0,1598.0,13.0,-34.0,-7.0,15102.0
516,2022-05-14,ON,0.0,0.0,0.0,0.0,0.0,0.0,0.0,0.0,0.0,1253.0,14.0,-69.0,-12.0,12250.0
517,2022-05-15,ON,0.0,0.0,0.0,0.0,0.0,0.0,0.0,0.0,0.0,963.0,9.0,-97.0,-5.0,8132.0
518,2022-05-16,ON,0.0,0.0,0.0,0.0,0.0,0.0,0.0,0.0,0.0,1237.0,10.0,3.0,8.0,12233.0
519,2022-05-17,ON,0.0,0.0,0.0,0.0,0.0,0.0,0.0,0.0,0.0,1644.0,8.0,50.0,6.0,15599.0
520,2022-05-18,ON,0.0,0.0,0.0,0.0,0.0,0.0,0.0,0.0,0.0,1395.0,13.0,-87.0,-2.0,15462.0
521,2022-05-19,ON,0.0,0.0,0.0,0.0,0.0,0.0,0.0,0.0,0.0,1350.0,10.0,-49.0,5.0,14413.0
522,2022-05-20,ON,0.0,0.0,0.0,0.0,0.0,0.0,0.0,0.0,0.0,1103.0,8.0,-24.0,-5.0,12077.0
523,2022-05-21,ON,0.0,0.0,0.0,0.0,0.0,0.0,0.0,0.0,0.0,830.0,11.0,-57.0,-3.0,9777.0
524,2022-05-22,ON,9013.0,13123.0,28721.0,234757.0,285614.0,0.1,0.1,0.1,1.6,626.0,8.0,-95.0,-8.0,6053.0
525,2022-05-23,ON,0.0,0.0,0.0,0.0,0.0,0.0,0.0,0.0,0.0,629.0,10.0,62.0,0.0,6534.0
526,2022-05-24,ON,0.0,0.0,0.0,0.0,0.0,0.0,0.0,0.0,0.0,984.0,9.0,-4.0,5.0,11109.0
527,2022-05-25,ON,0.0,0.0,0.0,0.0,0.0,0.0,0.0,0.0,0.0,1085.0,7.0,-7.0,3.0,13542.0
528,2022-05-26,ON,0.0,0.0,0.0,0.0,0.0,0.0,0.0,0.0,0.0,1078.0,7.0,-60.0,-6.0,13316.0
529,2022-05-27,ON,0.0,0.0,0.0,0.0,0.0,0.0,0.0,0.0,0.0,932.0,6.0,-75.0,0.0,11297.0
530,2022-05-28,ON,0.0,0.0,0.0,0.0,0.0,0.0,0.0,0.0,0.0,722.0,4.0,-72.0,-10.0,8213.0
531,2022-05-29,ON,0.0,0.0,0.0,0.0,0.0,0.0,0.0,0.0,0.0,479.0,12.0,-95.0,1.0,6368.0
532,2022-05-30,ON,0.0,0.0,0.0,0.0,0.0,0.0,0.0,0.0,0.0,778.0,11.0,3.0,2.0,9535.0
533,2022-05-31,ON,0.0,0.0,0.0,0.0,0.0,0.0,0.0,0.0,0.0,1048.0,6.0,22.0,-7.0,13097.0
534,2022-06-01,ON,0.0,0.0,0.0,0.0,0.0,0.0,0.0,0.0,0.0,812.0,5.0,-77.0,-13.0,10783.0
535,2022-06-02,ON,0.0,0.0,0.0,0.0,0.0,0.0,0.0,0.0,0.0,827.0,7.0,-36.0,-8.0,10097.0
536,2022-06-03,ON,0.0,0.0,0.0,0.0,0.0,0.0,0.0,0.0,0.0,848.0,4.0,-28.0,-2.0,9829.0
537,2022-06-04,ON,0.0,0.0,0.0,0.0,0.0,0.0,0.0,0.0,0.0,551.0,4.0,2.0,-10.0,6998.0
538,2022-06-05,ON,0.0,0.0,0.0,0.0,0.0,0.0,0.0,0.0,0.0,463.0,6.0,-54.0,4.0,6289.0
539,2022-06-06,ON,0.0,0.0,0.0,0.0,0.0,0.0,0.0,0.0,0.0,756.0,6.0,-35.0,5.0,8291.0
540,2022-06-07,ON,0.0,0.0,0.0,0.0,0.0,0.0,0.0,0.0,0.0,956.0,5.0,-10.0,-2.0,11234.0
541,2022-06-08,ON,0.0,0.0,0.0,0.0,0.0,0.0,0.0,0.0,0.0,837.0,5.0,-16.0,0.0,9777.0
542,2022-06-09,ON,0.0,0.0,0.0,0.0,0.0,0.0,0.0,0.0,0.0,803.0,6.0,2.0,4.0,9192.0
543,2022-06-10,ON,0.0,0.0,0.0,0.0,0.0,0.0,0.0,0.0,0.0,735.0,2.0,-12.0,-8.0,11050.0
544,2022-06-11,ON,0.0,0.0,0.0,0.0,0.0,0.0,0.0,0.0,0.0,510.0,6.0,-9.0,0.0,6884.0
545,2022-06-12,ON,0.0,0.0,0.0,0.0,0.0,0.0,0.0,0.0,0.0,401.0,7.0,-39.0,2.0,5910.0
546,2022-06-13,ON,0.0,0.0,0.0,0.0,0.0,0.0,0.0,0.0,0.0,582.0,0.0,10.0,-1.0,8385.0
547,2022-06-14,ON,0.0,0.0,0.0,0.0,0.0,0.0,0.0,0.0,0.0,746.0,4.0,11.0,5.0,10385.0
548,2022-06-15,ON,0.0,0.0,0.0,0.0,0.0,0.0,0.0,0.0,0.0,820.0,2.0,-13.0,-1.0,12310.0
549,2022-06-16,ON,0.0,0.0,0.0,0.0,0.0,0.0,0.0,0.0,0.0,750.0,5.0,-15.0,-6.0,10305.0
550,2022-06-17,ON,0.0,0.0,0.0,0.0,0.0,0.0,0.0,0.0,0.0,610.0,3.0,-5.0,-8.0,8795.0
551,2022-06-18,ON,0.0,0.0,0.0,0.0,0.0,0.0,0.0,0.0,0.0,478.0,4.0,4.0,-7.0,6265.0
552,2022-06-19,ON,11250.0,20119.0,39054.0,245934.0,316357.0,0.1,0.1,0.3,1.6,442.0,3.0,-40.0,0.0,6783.0
553,2022-06-20,ON,0.0,0.0,0.0,0.0,0.0,0.0,0.0,0.0,0.0,628.0,3.0,22.0,1.0,7908.0
554,2022-06-21,ON,0.0,0.0,0.0,0.0,0.0,0.0,0.0,0.0,0.0,879.0,3.0,31.0,-6.0,10582.0
555,2022-06-22,ON,0.0,0.0,0.0,0.0,0.0,0.0,0.0,0.0,0.0,946.0,4.0,-23.0,-1.0,10551.0
556,2022-06-23,ON,0.0,0.0,0.0,0.0,0.0,0.0,0.0,0.0,0.0,924.0,4.0,6.0,8.0,9918.0
557,2022-06-24,ON,0.0,0.0,0.0,0.0,0.0,0.0,0.0,0.0,0.0,927.0,2.0,3.0,-1.0,9494.0
558,2022-06-25,ON,0.0,0.0,0.0,0.0,0.0,0.0,0.0,0.0,0.0,687.0,10.0,20.0,-8.0,7568.0
559,2022-06-26,ON,0.0,0.0,0.0,0.0,0.0,0.0,0.0,0.0,0.0,515.0,7.0,-10.0,0.0,5593.0
560,2022-06-27,ON,0.0,0.0,0.0,0.0,0.0,0.0,0.0,0.0,0.0,924.0,6.0,22.0,2.0,7583.0
561,2022-06-28,ON,0.0,0.0,0.0,0.0,0.0,0.0,0.0,0.0,0.0,1241.0,5.0,35.0,-2.0,11820.0
562,2022-06-29,ON,0.0,0.0,0.0,0.0,0.0,0.0,0.0,0.0,0.0,1030.0,2.0,-14.0,1.0,9558.0
563,2022-06-30,ON,0.0,0.0,0.0,0.0,0.0,0.0,0.0,0.0,0.0,1307.0,4.0,47.0,7.0,8920.0
564,2022-07-01,ON,0.0,0.0,0.0,0.0,0.0,0.0,0.0,0.0,0.0,876.0,6.0,-34.0,6.0,6906.0
565,2022-07-02,ON,0.0,0.0,0.0,0.0,0.0,0.0,0.0,0.0,0.0,749.0,3.0,62.0,-7.0,6262.0
566,2022-07-03,ON,0.0,0.0,0.0,0.0,0.0,0.0,0.0,0.0,0.0,816.0,13.0,-6.0,5.0,5776.0
567,2022-07-04,ON,0.0,0.0,0.0,0.0,0.0,0.0,0.0,0.0,0.0,1179.0,3.0,41.0,1.0,10665.0
568,2022-07-05,ON,0.0,0.0,0.0,0.0,0.0,0.0,0.0,0.0,0.0,1418.0,4.0,51.0,7.0,9222.0
569,2022-07-06,ON,0.0,0.0,0.0,0.0,0.0,0.0,0.0,0.0,0.0,1629.0,2.0,-5.0,2.0,12111.0
570,2022-07-07,ON,0.0,0.0,0.0,0.0,0.0,0.0,0.0,0.0,0.0,1538.0,6.0,42.0,1.0,10642.0
571,2022-07-08,ON,0.0,0.0,0.0,0.0,0.0,0.0,0.0,0.0,0.0,1219.0,10.0,44.0,-2.0,8606.0
572,2022-07-09,ON,0.0,0.0,0.0,0.0,0.0,0.0,0.0,0.0,0.0,1028.0,4.0,38.0,-11.0,7839.0
573,2022-07-10,ON,0.0,0.0,0.0,0.0,0.0,0.0,0.0,0.0,0.0,888.0,4.0,-7.0,6.0,6076.0
574,2022-07-11,ON,0.0,0.0,0.0,0.0,0.0,0.0,0.0,0.0,0.0,1501.0,3.0,30.0,-2.0,11191.0
575,2022-07-12,ON,0.0,0.0,0.0,0.0,0.0,0.0,0.0,0.0,0.0,2107.0,8.0,56.0,4.0,14601.0
576,2022-07-13,ON,0.0,0.0,0.0,0.0,0.0,0.0,0.0,0.0,0.0,1933.0,8.0,63.0,14.0,11268.0
577,2022-07-14,ON,0.0,0.0,0.0,0.0,0.0,0.0,0.0,0.0,0.0,1806.0,6.0,39.0,-1.0,11765.0
578,2022-07-15,ON,0.0,0.0,0.0,0.0,0.0,0.0,0.0,0.0,0.0,1789.0,9.0,70.0,3.0,12753.0
579,2022-07-16,ON,0.0,0.0,0.0,0.0,0.0,0.0,0.0,0.0,0.0,1513.0,12.0,77.0,-4.0,10100.0
580,2022-07-17,ON,6858.0,13651.0,40522.0,285218.0,346249.0,0.0,0.1,0.3,1.9,1085.0,10.0,-30.0,2.0,6893.0
581,2022-07-18,ON,0.0,0.0,0.0,0.0,0.0,0.0,0.0,0.0,0.0,1529.0,13.0,48.0,10.0,9164.0
582,2022-07-19,ON,0.0,0.0,0.0,0.0,0.0,0.0,0.0,0.0,0.0,2214.0,12.0,131.0,4.0,14295.0
583,2022-07-20,ON,0.0,0.0,0.0,0.0,0.0,0.0,0.0,0.0,0.0,2219.0,15.0,93.0,-3.0,14039.0
584,2022-07-21,ON,0.0,0.0,0.0,0.0,0.0,0.0,0.0,0.0,0.0,2095.0,11.0,90.0,-4.0,13773.0
585,2022-07-22,ON,0.0,0.0,0.0,0.0,0.0,0.0,0.0,0.0,0.0,1756.0,16.0,6.0,4.0,13339.0
586,2022-07-23,ON,0.0,0.0,0.0,0.0,0.0,0.0,0.0,0.0,0.0,1361.0,14.0,23.0,-5.0,10391.0
587,2022-07-24,ON,0.0,0.0,0.0,0.0,0.0,0.0,0.0,0.0,0.0,1104.0,19.0,-55.0,1.0,6880.0
588,2022-07-25,ON,0.0,0.0,0.0,0.0,0.0,0.0,0.0,0.0,0.0,1552.0,12.0,15.0,7.0,9323.0
589,2022-07-26,ON,0.0,0.0,0.0,0.0,0.0,0.0,0.0,0.0,0.0,2072.0,10.0,79.0,3.0,13590.0
590,2022-07-27,ON,0.0,0.0,0.0,0.0,0.0,0.0,0.0,0.0,0.0,1750.0,16.0,-65.0,8.0,12396.0
591,2022-07-28,ON,0.0,0.0,0.0,0.0,0.0,0.0,0.0,0.0,0.0,1864.0,16.0,50.0,-6.0,12831.0
592,2022-07-29,ON,0.0,0.0,0.0,0.0,0.0,0.0,0.0,0.0,0.0,1540.0,8.0,54.0,7.0,10707.0
593,2022-07-30,ON,0.0,0.0,0.0,0.0,0.0,0.0,0.0,0.0,0.0,1355.0,12.0,-80.0,3.0,9313.0
594,2022-07-31,ON,0.0,0.0,0.0,0.0,0.0,0.0,0.0,0.0,0.0,1016.0,19.0,-76.0,-5.0,6521.0
595,2022-08-01,ON,0.0,0.0,0.0,0.0,0.0,0.0,0.0,0.0,0.0,973.0,15.0,0.0,7.0,6185.0
596,2022-08-02,ON,0.0,0.0,0.0,0.0,0.0,0.0,0.0,0.0,0.0,1368.0,17.0,-55.0,4.0,8681.0
597,2022-08-03,ON,0.0,0.0,0.0,0.0,0.0,0.0,0.0,0.0,0.0,2042.0,14.0,121.0,-5.0,14144.0
598,2022-08-04,ON,0.0,0.0,0.0,0.0,0.0,0.0,0.0,0.0,0.0,1930.0,15.0,-14.0,-10.0,13048.0
599,2022-08-05,ON,0.0,0.0,0.0,0.0,0.0,0.0,0.0,0.0,0.0,1732.0,18.0,-59.0,0.0,10757.0
600,2022-08-06,ON,0.0,0.0,0.0,0.0,0.0,0.0,0.0,0.0,0.0,1482.0,19.0,-4.0,-5.0,9594.0
601,2022-08-07,ON,0.0,0.0,0.0,0.0,0.0,0.0,0.0,0.0,0.0,880.0,8.0,-50.0,4.0,5938.0
602,2022-08-08,ON,0.0,0.0,0.0,0.0,0.0,0.0,0.0,0.0,0.0,1193.0,12.0,-23.0,2.0,9616.0
603,2022-08-09,ON,0.0,0.0,0.0,0.0,0.0,0.0,0.0,0.0,0.0,1909.0,9.0,25.0,3.0,13651.0
604,2022-08-10,ON,0.0,0.0,0.0,0.0,0.0,0.0,0.0,0.0,0.0,1685.0,9.0,-13.0,-2.0,11890.0
605,2022-08-11,ON,0.0,0.0,0.0,0.0,0.0,0.0,0.0,0.0,0.0,1666.0,12.0,36.0,1.0,11705.0
606,2022-08-12,ON,0.0,0.0,0.0,0.0,0.0,0.0,0.0,0.0,0.0,1499.0,11.0,9.0,0.0,10094.0
607,2022-08-13,ON,0.0,0.0,0.0,0.0,0.0,0.0,0.0,0.0,0.0,1135.0,12.0,-59.0,-3.0,8432.0
608,2022-08-14,ON,38010.0,16963.0,50840.0,463613.0,569426.0,0.3,0.1,0.3,3.1,941.0,4.0,-83.0,5.0,5495.0
609,2022-08-15,ON,0.0,0.0,0.0,0.0,0.0,0.0,0.0,0.0,0.0,1222.0,10.0,62.0,-7.0,7701.0
610,2022-08-16,ON,0.0,0.0,0.0,0.0,0.0,0.0,0.0,0.0,0.0,1619.0,13.0,40.0,0.0,12152.0
611,2022-08-17,ON,0.0,0.0,0.0,0.0,0.0,0.0,0.0,0.0,0.0,1693.0,13.0,-21.0,-1.0,10820.0
612,2022-08-18,ON,0.0,0.0,0.0,0.0,0.0,0.0,0.0,0.0,0.0,1574.0,15.0,-3.0,1.0,10876.0
613,2022-08-19,ON,0.0,0.0,0.0,0.0,0.0,0.0,0.0,0.0,0.0,1505.0,9.0,30.0,1.0,10024.0
614,2022-08-20,ON,0.0,0.0,0.0,0.0,0.0,0.0,0.0,0.0,0.0,1128.0,15.0,-20.0,1.0,7624.0
615,2022-08-21,ON,0.0,0.0,0.0,0.0,0.0,0.0,0.0,0.0,0.0,916.0,15.0,-68.0,8.0,5889.0
616,2022-08-22,ON,0.0,0.0,0.0,0.0,0.0,0.0,0.0,0.0,0.0,1263.0,20.0,30.0,4.0,8143.0
617,2022-08-23,ON,0.0,0.0,0.0,0.0,0.0,0.0,0.0,0.0,0.0,1671.0,14.0,60.0,-8.0,11176.0
618,2022-08-24,ON,0.0,0.0,0.0,0.0,0.0,0.0,0.0,0.0,0.0,1534.0,10.0,-35.0,7.0,13677.0
619,2022-08-25,ON,0.0,0.0,0.0,0.0,0.0,0.0,0.0,0.0,0.0,1292.0,11.0,25.0,-4.0,10157.0
620,2022-08-26,ON,0.0,0.0,0.0,0.0,0.0,0.0,0.0,0.0,0.0,1381.0,13.0,-7.0,-8.0,9345.0
621,2022-08-27,ON,0.0,0.0,0.0,0.0,0.0,0.0,0.0,0.0,0.0,1122.0,16.0,-78.0,-1.0,7754.0
622,2022-08-28,ON,0.0,0.0,0.0,0.0,0.0,0.0,0.0,0.0,0.0,812.0,9.0,-18.0,7.0,5498.0
623,2022-08-29,ON,0.0,0.0,0.0,0.0,0.0,0.0,0.0,0.0,0.0,1039.0,16.0,-10.0,1.0,7626.0
624,2022-08-30,ON,0.0,0.0,0.0,0.0,0.0,0.0,0.0,0.0,0.0,1564.0,11.0,49.0,2.0,10283.0
625,2022-08-31,ON,0.0,0.0,0.0,0.0,0.0,0.0,0.0,0.0,0.0,1375.0,6.0,-2.0,-1.0,10141.0
626,2022-09-01,ON,0.0,0.0,0.0,0.0,0.0,0.0,0.0,0.0,0.0,1346.0,17.0,-20.0,-11.0,10354.0
627,2022-09-02,ON,0.0,0.0,0.0,0.0,0.0,0.0,0.0,0.0,0.0,1189.0,12.0,-37.0,0.0,9004.0
628,2022-09-03,ON,0.0,0.0,0.0,0.0,0.0,0.0,0.0,0.0,0.0,927.0,12.0,2.0,-7.0,7396.0
629,2022-09-04,ON,0.0,0.0,0.0,0.0,0.0,0.0,0.0,0.0,0.0,649.0,8.0,-107.0,8.0,5362.0
630,2022-09-05,ON,0.0,0.0,0.0,0.0,0.0,0.0,0.0,0.0,0.0,741.0,12.0,26.0,-1.0,6279.0
631,2022-09-06,ON,0.0,0.0,0.0,0.0,0.0,0.0,0.0,0.0,0.0,1133.0,14.0,68.0,6.0,7974.0
632,2022-09-07,ON,0.0,0.0,0.0,0.0,0.0,0.0,0.0,0.0,0.0,1304.0,14.0,12.0,0.0,10243.0
633,2022-09-08,ON,0.0,0.0,0.0,0.0,0.0,0.0,0.0,0.0,0.0,1302.0,9.0,61.0,-5.0,11068.0
634,2022-09-09,ON,0.0,0.0,0.0,0.0,0.0,0.0,0.0,0.0,0.0,1089.0,10.0,-7.0,-6.0,9059.0
635,2022-09-10,ON,0.0,0.0,0.0,0.0,0.0,0.0,0.0,0.0,0.0,856.0,5.0,-31.0,-4.0,7266.0
636,2022-09-11,ON,32556.0,15150.0,57614.0,181121.0,286441.0,0.2,0.1,0.4,1.2,667.0,9.0,-56.0,4.0,5143.0
637,2022-09-12,ON,0.0,0.0,0.0,0.0,0.0,0.0,0.0,0.0,0.0,1136.0,11.0,17.0,0.0,8365.0
638,2022-09-13,ON,0.0,0.0,0.0,0.0,0.0,0.0,0.0,0.0,0.0,1402.0,20.0,14.0,-7.0,9991.0
639,2022-09-14,ON,0.0,0.0,0.0,0.0,0.0,0.0,0.0,0.0,0.0,1263.0,10.0,-54.0,-1.0,9984.0
640,2022-09-15,ON,0.0,0.0,0.0,0.0,0.0,0.0,0.0,0.0,0.0,1300.0,7.0,-9.0,8.0,10355.0
641,2022-09-16,ON,0.0,0.0,0.0,0.0,0.0,0.0,0.0,0.0,0.0,1120.0,5.0,35.0,8.0,10111.0
642,2022-09-17,ON,0.0,0.0,0.0,0.0,0.0,0.0,0.0,0.0,0.0,872.0,10.0,-33.0,-8.0,6758.0
643,2022-09-18,ON,0.0,0.0,0.0,0.0,0.0,0.0,0.0,0.0,0.0,761.0,11.0,-94.0,-5.0,5007.0
644,2022-09-19,ON,0.0,0.0,0.0,0.0,0.0,0.0,0.0,0.0,0.0,877.0,13.0,-19.0,8.0,7703.0
645,2022-09-20,ON,0.0,0.0,0.0,0.0,0.0,0.0,0.0,0.0,0.0,1343.0,7.0,39.0,1.0,11096.0
646,2022-09-21,ON,0.0,0.0,0.0,0.0,0.0,0.0,0.0,0.0,0.0,1682.0,8.0,60.0,-7.0,10286.0
647,2022-09-22,ON,0.0,0.0,0.0,0.0,0.0,0.0,0.0,0.0,0.0,1339.0,10.0,-5.0,2.0,9603.0
648,2022-09-23,ON,0.0,0.0,0.0,0.0,0.0,0.0,0.0,0.0,0.0,1210.0,12.0,70.0,-7.0,9070.0
649,2022-09-24,ON,0.0,0.0,0.0,0.0,0.0,0.0,0.0,0.0,0.0,1006.0,7.0,-36.0,-4.0,7546.0
650,2022-09-25,ON,0.0,0.0,0.0,0.0,0.0,0.0,0.0,0.0,0.0,764.0,9.0,10.0,4.0,5094.0
651,2022-09-26,ON,0.0,0.0,0.0,0.0,0.0,0.0,0.0,0.0,0.0,1047.0,6.0,-9.0,4.0,7188.0
652,2022-09-27,ON,0.0,0.0,0.0,0.0,0.0,0.0,0.0,0.0,0.0,1502.0,9.0,21.0,12.0,10413.0
653,2022-09-28,ON,0.0,0.0,0.0,0.0,0.0,0.0,0.0,0.0,0.0,1424.0,9.0,40.0,-10.0,10527.0
654,2022-09-29,ON,0.0,0.0,0.0,0.0,0.0,0.0,0.0,0.0,0.0,1431.0,7.0,26.0,5.0,9586.0
655,2022-09-30,ON,0.0,0.0,0.0,0.0,0.0,0.0,0.0,0.0,0.0,1269.0,14.0,78.0,6.0,9345.0
656,2022-10-01,ON,0.0,0.0,0.0,0.0,0.0,0.0,0.0,0.0,0.0,922.0,15.0,1.0,-1.0,7422.0
657,2022-10-02,ON,0.0,0.0,0.0,0.0,0.0,0.0,0.0,0.0,0.0,645.0,11.0,-38.0,-3.0,5297.0
658,2022-10-03,ON,0.0,0.0,0.0,0.0,0.0,0.0,0.0,0.0,0.0,1080.0,19.0,17.0,0.0,7304.0
659,2022-10-04,ON,0.0,0.0,0.0,0.0,0.0,0.0,0.0,0.0,0.0,1626.0,10.0,76.0,1.0,11414.0
660,2022-10-05,ON,0.0,0.0,0.0,0.0,0.0,0.0,0.0,0.0,0.0,1591.0,7.0,33.0,0.0,11655.0
661,2022-10-06,ON,0.0,0.0,0.0,0.0,0.0,0.0,0.0,0.0,0.0,1389.0,17.0,32.0,-5.0,10897.0
662,2022-10-07,ON,0.0,0.0,0.0,0.0,0.0,0.0,0.0,0.0,0.0,1449.0,18.0,63.0,-5.0,10904.0
663,2022-10-08,ON,0.0,0.0,0.0,0.0,0.0,0.0,0.0,0.0,0.0,1284.0,10.0,-6.0,0.0,8646.0
664,2022-10-09,ON,14524.0,13325.0,38344.0,319021.0,385214.0,0.1,0.1,0.2,2.1,838.0,14.0,-55.0,-6.0,5765.0
665,2022-10-10,ON,0.0,0.0,0.0,0.0,0.0,0.0,0.0,0.0,0.0,835.0,12.0,47.0,0.0,5789.0
666,2022-10-11,ON,0.0,0.0,0.0,0.0,0.0,0.0,0.0,0.0,0.0,1316.0,17.0,32.0,14.0,7335.0
667,2022-10-12,ON,0.0,0.0,0.0,0.0,0.0,0.0,0.0,0.0,0.0,2100.0,20.0,107.0,9.0,12468.0
668,2022-10-13,ON,0.0,0.0,0.0,0.0,0.0,0.0,0.0,0.0,0.0,1818.0,15.0,40.0,0.0,10652.0
669,2022-10-14,ON,0.0,0.0,0.0,0.0,0.0,0.0,0.0,0.0,0.0,1521.0,11.0,5.0,-4.0,0.0
670,2022-10-15,ON,0.0,0.0,0.0,0.0,0.0,0.0,0.0,0.0,0.0,1047.0,19.0,59.0,6.0,0.0
671,2022-10-16,ON,0.0,0.0,0.0,0.0,0.0,0.0,0.0,0.0,0.0,856.0,18.0,-116.0,3.0,0.0
672,2022-10-17,ON,0.0,0.0,0.0,0.0,0.0,0.0,0.0,0.0,0.0,904.0,17.0,58.0,12.0,7507.0
673,2022-10-18,ON,0.0,0.0,0.0,0.0,0.0,0.0,0.0,0.0,0.0,1295.0,18.0,153.0,-2.0,12048.0
674,2022-10-19,ON,0.0,0.0,0.0,0.0,0.0,0.0,0.0,0.0,0.0,1729.0,18.0,-56.0,-3.0,10986.0
675,2022-10-20,ON,0.0,0.0,0.0,0.0,0.0,0.0,0.0,0.0,0.0,2105.0,17.0,-1.0,3.0,10301.0
676,2022-10-21,ON,0.0,0.0,0.0,0.0,0.0,0.0,0.0,0.0,0.0,1864.0,24.0,-11.0,2.0,9267.0
677,2022-10-22,ON,0.0,0.0,0.0,0.0,0.0,0.0,0.0,0.0,0.0,1147.0,20.0,75.0,5.0,7424.0
678,2022-10-23,ON,0.0,0.0,0.0,0.0,0.0,0.0,0.0,0.0,0.0,815.0,11.0,-35.0,3.0,5243.0
679,2022-10-24,ON,0.0,0.0,0.0,0.0,0.0,0.0,0.0,0.0,0.0,1461.0,32.0,26.0,-10.0,7813.0
680,2022-10-25,ON,0.0,0.0,0.0,0.0,0.0,0.0,0.0,0.0,0.0,1920.0,25.0,84.0,1.0,11398.0
681,2022-10-26,ON,0.0,0.0,0.0,0.0,0.0,0.0,0.0,0.0,0.0,1607.0,20.0,-11.0,5.0,10192.0
682,2022-10-27,ON,0.0,0.0,0.0,0.0,0.0,0.0,0.0,0.0,0.0,1658.0,21.0,-22.0,-16.0,9477.0
683,2022-10-28,ON,0.0,0.0,0.0,0.0,0.0,0.0,0.0,0.0,0.0,1499.0,19.0,50.0,-13.0,9136.0
684,2022-10-29,ON,0.0,0.0,0.0,0.0,0.0,0.0,0.0,0.0,0.0,941.0,11.0,-15.0,-2.0,6317.0
685,2022-10-30,ON,0.0,0.0,0.0,0.0,0.0,0.0,0.0,0.0,0.0,820.0,15.0,-79.0,-3.0,5260.0
686,2022-10-31,ON,0.0,0.0,0.0,0.0,0.0,0.0,0.0,0.0,0.0,1035.0,15.0,19.0,4.0,7301.0
687,2022-11-01,ON,0.0,0.0,0.0,0.0,0.0,0.0,0.0,0.0,0.0,1527.0,16.0,77.0,-3.0,11854.0
688,2022-11-02,ON,0.0,0.0,0.0,0.0,0.0,0.0,0.0,0.0,0.0,1363.0,15.0,-133.0,7.0,9768.0
689,2022-11-03,ON,0.0,0.0,0.0,0.0,0.0,0.0,0.0,0.0,0.0,1271.0,19.0,37.0,2.0,9145.0
690,2022-11-04,ON,0.0,0.0,0.0,0.0,0.0,0.0,0.0,0.0,0.0,1239.0,18.0,-42.0,0.0,9034.0
691,2022-11-05,ON,0.0,0.0,0.0,0.0,0.0,0.0,0.0,0.0,0.0,846.0,17.0,9.0,5.0,6845.0
692,2022-11-06,ON,11574.0,14455.0,43457.0,440032.0,509518.0,0.1,0.1,0.3,2.9,742.0,13.0,-106.0,-4.0,5373.0
693,2022-11-07,ON,0.0,0.0,0.0,0.0,0.0,0.0,0.0,0.0,0.0,844.0,13.0,5.0,3.0,6930.0
694,2022-11-08,ON,0.0,0.0,0.0,0.0,0.0,0.0,0.0,0.0,0.0,1190.0,18.0,35.0,0.0,9627.0
695,2022-11-09,ON,0.0,0.0,0.0,0.0,0.0,0.0,0.0,0.0,0.0,934.0,20.0,-40.0,-4.0,8628.0
696,2022-11-10,ON,0.0,0.0,0.0,0.0,0.0,0.0,0.0,0.0,0.0,892.0,14.0,-27.0,3.0,8635.0
697,2022-11-11,ON,0.0,0.0,0.0,0.0,0.0,0.0,0.0,0.0,0.0,794.0,10.0,-70.0,-2.0,8534.0
698,2022-11-12,ON,0.0,0.0,0.0,0.0,0.0,0.0,0.0,0.0,0.0,595.0,8.0,-92.0,-2.0,5973.0
699,2022-11-13,ON,0.0,0.0,0.0,0.0,0.0,0.0,0.0,0.0,0.0,494.0,18.0,-22.0,7.0,5575.0
700,2022-11-14,ON,0.0,0.0,0.0,0.0,0.0,0.0,0.0,0.0,0.0,692.0,14.0,2.0,-9.0,5969.0
701,2022-11-15,ON,0.0,0.0,0.0,0.0,0.0,0.0,0.0,0.0,0.0,933.0,15.0,6.0,-5.0,8972.0
702,2022-11-16,ON,0.0,0.0,0.0,0.0,0.0,0.0,0.0,0.0,0.0,913.0,12.0,-92.0,-2.0,9016.0
703,2022-11-17,ON,0.0,0.0,0.0,0.0,0.0,0.0,0.0,0.0,0.0,911.0,9.0,-24.0,-11.0,8347.0
704,2022-11-18,ON,0.0,0.0,0.0,0.0,0.0,0.0,0.0,0.0,0.0,727.0,14.0,-25.0,7.0,7338.0
705,2022-11-19,ON,0.0,0.0,0.0,0.0,0.0,0.0,0.0,0.0,0.0,562.0,12.0,-20.0,4.0,6093.0
706,2022-11-20,ON,0.0,0.0,0.0,0.0,0.0,0.0,0.0,0.0,0.0,375.0,6.0,-92.0,-2.0,4471.0
707,2022-11-21,ON,0.0,0.0,0.0,0.0,0.0,0.0,0.0,0.0,0.0,620.0,14.0,16.0,2.0,5557.0
708,2022-11-22,ON,0.0,0.0,0.0,0.0,0.0,0.0,0.0,0.0,0.0,861.0,9.0,29.0,-1.0,9640.0
709,2022-11-23,ON,0.0,0.0,0.0,0.0,0.0,0.0,0.0,0.0,0.0,764.0,11.0,-92.0,9.0,0.0
710,2022-11-24,ON,0.0,0.0,0.0,0.0,0.0,0.0,0.0,0.0,0.0,764.0,18.0,-34.0,-8.0,0.0
711,2022-11-25,ON,0.0,0.0,0.0,0.0,0.0,0.0,0.0,0.0,0.0,726.0,7.0,54.0,6.0,0.0
712,2022-11-26,ON,0.0,0.0,0.0,0.0,0.0,0.0,0.0,0.0,0.0,491.0,17.0,-39.0,-11.0,0.0
713,2022-11-27,ON,0.0,0.0,0.0,0.0,0.0,0.0,0.0,0.0,0.0,408.0,9.0,-17.0,3.0,0.0
714,2022-11-28,ON,0.0,0.0,0.0,0.0,0.0,0.0,0.0,0.0,0.0,654.0,16.0,21.0,-1.0,0.0
715,2022-11-29,ON,0.0,0.0,0.0,0.0,0.0,0.0,0.0,0.0,0.0,804.0,8.0,-19.0,-10.0,0.0
716,2022-11-30,ON,0.0,0.0,0.0,0.0,0.0,0.0,0.0,0.0,0.0,902.0,17.0,4.0,3.0,0.0
717,2022-12-01,ON,0.0,0.0,0.0,0.0,0.0,0.0,0.0,0.0,0.0,820.0,9.0,30.0,-2.0,0.0
718,2022-12-02,ON,0.0,0.0,0.0,0.0,0.0,0.0,0.0,0.0,0.0,729.0,10.0,-12.0,-7.0,0.0
719,2022-12-03,ON,0.0,0.0,0.0,0.0,0.0,0.0,0.0,0.0,0.0,589.0,8.0,-33.0,8.0,0.0
720,2022-12-04,ON,14216.0,14968.0,49134.0,367905.0,446223.0,0.1,0.1,0.4,2.4,424.0,12.0,-50.0,-2.0,0.0
721,2022-12-05,ON,0.0,0.0,0.0,0.0,0.0,0.0,0.0,0.0,0.0,697.0,10.0,59.0,0.0,0.0
722,2022-12-06,ON,0.0,0.0,0.0,0.0,0.0,0.0,0.0,0.0,0.0,920.0,8.0,26.0,-2.0,0.0
723,2022-12-07,ON,0.0,0.0,0.0,0.0,0.0,0.0,0.0,0.0,0.0,916.0,10.0,-13.0,4.0,0.0
724,2022-12-08,ON,0.0,0.0,0.0,0.0,0.0,0.0,0.0,0.0,0.0,849.0,10.0,-49.0,-2.0,0.0
725,2022-12-09,ON,0.0,0.0,0.0,0.0,0.0,0.0,0.0,0.0,0.0,774.0,11.0,36.0,0.0,0.0
726,2022-12-10,ON,0.0,0.0,0.0,0.0,0.0,0.0,0.0,0.0,0.0,663.0,6.0,-2.0,1.0,0.0
727,2022-12-11,ON,0.0,0.0,0.0,0.0,0.0,0.0,0.0,0.0,0.0,541.0,12.0,-30.0,-11.0,0.0
728,2022-12-12,ON,0.0,0.0,0.0,0.0,0.0,0.0,0.0,0.0,0.0,699.0,10.0,-75.0,1.0,0.0
729,2022-12-13,ON,0.0,0.0,0.0,0.0,0.0,0.0,0.0,0.0,0.0,1076.0,9.0,136.0,1.0,0.0
730,2022-12-14,ON,0.0,0.0,0.0,0.0,0.0,0.0,0.0,0.0,0.0,1101.0,10.0,-71.0,-3.0,0.0
731,2022-12-15,ON,0.0,0.0,0.0,0.0,0.0,0.0,0.0,0.0,0.0,985.0,5.0,74.0,2.0,0.0
732,2022-12-16,ON,0.0,0.0,0.0,0.0,0.0,0.0,0.0,0.0,0.0,757.0,14.0,33.0,2.0,0.0
733,2022-12-17,ON,0.0,0.0,0.0,0.0,0.0,0.0,0.0,0.0,0.0,842.0,3.0,-51.0,6.0,0.0
734,2022-12-18,ON,0.0,0.0,0.0,0.0,0.0,0.0,0.0,0.0,0.0,665.0,11.0,-31.0,-1.0,0.0
735,2022-12-19,ON,0.0,0.0,0.0,0.0,0.0,0.0,0.0,0.0,0.0,854.0,10.0,24.0,9.0,0.0
736,2022-12-20,ON,0.0,0.0,0.0,0.0,0.0,0.0,0.0,0.0,0.0,1120.0,13.0,47.0,2.0,0.0
737,2022-12-21,ON,0.0,0.0,0.0,0.0,0.0,0.0,0.0,0.0,0.0,1191.0,10.0,-6.0,-4.0,0.0
738,2022-12-22,ON,0.0,0.0,0.0,0.0,0.0,0.0,0.0,0.0,0.0,1166.0,11.0,-31.0,-3.0,0.0
739,2022-12-23,ON,0.0,0.0,0.0,0.0,0.0,0.0,0.0,0.0,0.0,927.0,16.0,50.0,-10.0,0.0
740,2022-12-24,ON,0.0,0.0,0.0,0.0,0.0,0.0,0.0,0.0,0.0,565.0,11.0,-76.0,-5.0,0.0
741,2022-12-25,ON,0.0,0.0,0.0,0.0,0.0,0.0,0.0,0.0,0.0,442.0,9.0,-6.0,-3.0,0.0
742,2022-12-26,ON,0.0,0.0,0.0,0.0,0.0,0.0,0.0,0.0,0.0,507.0,5.0,-31.0,-5.0,0.0
743,2022-12-27,ON,0.0,0.0,0.0,0.0,0.0,0.0,0.0,0.0,0.0,768.0,9.0,31.0,10.0,0.0
744,2022-12-28,ON,0.0,0.0,0.0,0.0,0.0,0.0,0.0,0.0,0.0,1262.0,9.0,65.0,9.0,0.0
745,2022-12-29,ON,0.0,0.0,0.0,0.0,0.0,0.0,0.0,0.0,0.0,1312.0,6.0,-23.0,4.0,0.0
746,2022-12-30,ON,0.0,0.0,0.0,0.0,0.0,0.0,0.0,0.0,0.0,1329.0,9.0,53.0,11.0,0.0
747,2022-12-31,ON,0.0,0.0,0.0,0.0,0.0,0.0,0.0,0.0,0.0,1006.0,19.0,99.0,5.0,0.0
748,2023-01-01,ON,6252.0,5913.0,27347.0,166577.0,206089.0,0.0,0.0,0.1,1.1,685.0,15.0,-51.0,-4.0,0.0
749,2023-01-02,ON,0.0,0.0,0.0,0.0,0.0,0.0,0.0,0.0,0.0,666.0,16.0,28.0,-1.0,0.0
750,2023-01-03,ON,0.0,0.0,0.0,0.0,0.0,0.0,0.0,0.0,0.0,1381.0,18.0,58.0,12.0,0.0
751,2023-01-04,ON,0.0,0.0,0.0,0.0,0.0,0.0,0.0,0.0,0.0,1399.0,6.0,78.0,-4.0,0.0
752,2023-01-05,ON,0.0,0.0,0.0,0.0,0.0,0.0,0.0,0.0,0.0,1100.0,14.0,21.0,1.0,0.0
753,2023-01-06,ON,0.0,0.0,0.0,0.0,0.0,0.0,0.0,0.0,0.0,1252.0,17.0,-22.0,13.0,0.0
754,2023-01-07,ON,0.0,0.0,0.0,0.0,0.0,0.0,0.0,0.0,0.0,913.0,6.0,16.0,-9.0,0.0
755,2023-01-08,ON,0.0,0.0,0.0,0.0,0.0,0.0,0.0,0.0,0.0,637.0,13.0,-10.0,-2.0,0.0
756,2023-01-09,ON,0.0,0.0,0.0,0.0,0.0,0.0,0.0,0.0,0.0,959.0,11.0,13.0,7.0,0.0
757,2023-01-10,ON,0.0,0.0,0.0,0.0,0.0,0.0,0.0,0.0,0.0,1026.0,16.0,75.0,-6.0,0.0
758,2023-01-11,ON,0.0,0.0,0.0,0.0,0.0,0.0,0.0,0.0,0.0,929.0,13.0,-30.0,-13.0,0.0
759,2023-01-12,ON,0.0,0.0,0.0,0.0,0.0,0.0,0.0,0.0,0.0,951.0,11.0,25.0,-7.0,0.0
760,2023-01-13,ON,0.0,0.0,0.0,0.0,0.0,0.0,0.0,0.0,0.0,902.0,18.0,-101.0,5.0,0.0
761,2023-01-14,ON,0.0,0.0,0.0,0.0,0.0,0.0,0.0,0.0,0.0,557.0,8.0,-60.0,-5.0,0.0
762,2023-01-15,ON,0.0,0.0,0.0,0.0,0.0,0.0,0.0,0.0,0.0,495.0,11.0,-42.0,-1.0,0.0
763,2023-01-16,ON,0.0,0.0,0.0,0.0,0.0,0.0,0.0,0.0,0.0,745.0,10.0,13.0,-3.0,0.0
764,2023-01-17,ON,0.0,0.0,0.0,0.0,0.0,0.0,0.0,0.0,0.0,912.0,10.0,3.0,-3.0,0.0
765,2023-01-18,ON,0.0,0.0,0.0,0.0,0.0,0.0,0.0,0.0,0.0,844.0,16.0,-58.0,-6.0,0.0
766,2023-01-19,ON,0.0,0.0,0.0,0.0,0.0,0.0,0.0,0.0,0.0,840.0,9.0,-73.0,0.0,0.0
767,2023-01-20,ON,0.0,0.0,0.0,0.0,0.0,0.0,0.0,0.0,0.0,712.0,9.0,10.0,-4.0,0.0
768,2023-01-21,ON,0.0,0.0,0.0,0.0,0.0,0.0,0.0,0.0,0.0,655.0,5.0,10.0,0.0,0.0
769,2023-01-22,ON,0.0,0.0,0.0,0.0,0.0,0.0,0.0,0.0,0.0,513.0,9.0,-105.0,-1.0,0.0
770,2023-01-23,ON,0.0,0.0,0.0,0.0,0.0,0.0,0.0,0.0,0.0,663.0,7.0,-13.0,-2.0,0.0
771,2023-01-24,ON,0.0,0.0,0.0,0.0,0.0,0.0,0.0,0.0,0.0,866.0,10.0,104.0,3.0,0.0
772,2023-01-25,ON,0.0,0.0,0.0,0.0,0.0,0.0,0.0,0.0,0.0,836.0,11.0,-46.0,5.0,0.0
773,2023-01-26,ON,0.0,0.0,0.0,0.0,0.0,0.0,0.0,0.0,0.0,663.0,13.0,-44.0,-6.0,0.0
774,2023-01-27,ON,0.0,0.0,0.0,0.0,0.0,0.0,0.0,0.0,0.0,793.0,8.0,-11.0,0.0,0.0
775,2023-01-28,ON,0.0,0.0,0.0,0.0,0.0,0.0,0.0,0.0,0.0,634.0,6.0,-17.0,-8.0,0.0
776,2023-01-29,ON,5676.0,5045.0,19686.0,94626.0,125033.0,0.0,0.0,0.2,0.7,454.0,13.0,-3.0,5.0,0.0
777,2023-01-30,ON,0.0,0.0,0.0,0.0,0.0,0.0,0.0,0.0,0.0,685.0,6.0,23.0,2.0,0.0
778,2023-01-31,ON,0.0,0.0,0.0,0.0,0.0,0.0,0.0,0.0,0.0,825.0,11.0,13.0,3.0,0.0
779,2023-02-01,ON,0.0,0.0,0.0,0.0,0.0,0.0,0.0,0.0,0.0,771.0,11.0,-32.0,-3.0,0.0
780,2023-02-02,ON,0.0,0.0,0.0,0.0,0.0,0.0,0.0,0.0,0.0,784.0,3.0,-6.0,-3.0,0.0
781,2023-02-03,ON,0.0,0.0,0.0,0.0,0.0,0.0,0.0,0.0,0.0,675.0,3.0,-26.0,-3.0,0.0
782,2023-02-04,ON,0.0,0.0,0.0,0.0,0.0,0.0,0.0,0.0,0.0,531.0,8.0,1.0,-9.0,0.0
783,2023-02-05,ON,0.0,0.0,0.0,0.0,0.0,0.0,0.0,0.0,0.0,490.0,8.0,-105.0,5.0,0.0
784,2023-02-06,ON,0.0,0.0,0.0,0.0,0.0,0.0,0.0,0.0,0.0,615.0,14.0,44.0,6.0,0.0
785,2023-02-07,ON,0.0,0.0,0.0,0.0,0.0,0.0,0.0,0.0,0.0,697.0,7.0,34.0,-2.0,0.0
786,2023-02-08,ON,0.0,0.0,0.0,0.0,0.0,0.0,0.0,0.0,0.0,842.0,5.0,-25.0,7.0,0.0
787,2023-02-09,ON,0.0,0.0,0.0,0.0,0.0,0.0,0.0,0.0,0.0,782.0,3.0,-14.0,-2.0,0.0
788,2023-02-10,ON,0.0,0.0,0.0,0.0,0.0,0.0,0.0,0.0,0.0,687.0,11.0,-14.0,-2.0,0.0
789,2023-02-11,ON,0.0,0.0,0.0,0.0,0.0,0.0,0.0,0.0,0.0,501.0,7.0,1.0,-3.0,0.0
790,2023-02-12,ON,0.0,0.0,0.0,0.0,0.0,0.0,0.0,0.0,0.0,420.0,5.0,-29.0,-10.0,0.0
791,2023-02-13,ON,0.0,0.0,0.0,0.0,0.0,0.0,0.0,0.0,0.0,612.0,3.0,-21.0,8.0,0.0
792,2023-02-14,ON,0.0,0.0,0.0,0.0,0.0,0.0,0.0,0.0,0.0,778.0,2.0,74.0,-2.0,0.0
793,2023-02-15,ON,0.0,0.0,0.0,0.0,0.0,0.0,0.0,0.0,0.0,662.0,9.0,0.0,-1.0,0.0
794,2023-02-16,ON,0.0,0.0,0.0,0.0,0.0,0.0,0.0,0.0,0.0,657.0,5.0,19.0,5.0,0.0
795,2023-02-17,ON,0.0,0.0,0.0,0.0,0.0,0.0,0.0,0.0,0.0,665.0,8.0,-65.0,-9.0,0.0
796,2023-02-18,ON,0.0,0.0,0.0,0.0,0.0,0.0,0.0,0.0,0.0,536.0,7.0,-31.0,-2.0,0.0
797,2023-02-19,ON,0.0,0.0,0.0,0.0,0.0,0.0,0.0,0.0,0.0,403.0,2.0,-98.0,5.0,0.0
798,2023-02-20,ON,0.0,0.0,0.0,0.0,0.0,0.0,0.0,0.0,0.0,403.0,8.0,64.0,2.0,0.0
799,2023-02-21,ON,0.0,0.0,0.0,0.0,0.0,0.0,0.0,0.0,0.0,581.0,8.0,-3.0,12.0,0.0
800,2023-02-22,ON,0.0,0.0,0.0,0.0,0.0,0.0,0.0,0.0,0.0,810.0,4.0,38.0,-1.0,0.0
801,2023-02-23,ON,0.0,0.0,0.0,0.0,0.0,0.0,0.0,0.0,0.0,657.0,11.0,20.0,-6.0,0.0
802,2023-02-24,ON,0.0,0.0,0.0,0.0,0.0,0.0,0.0,0.0,0.0,623.0,6.0,24.0,5.0,0.0
803,2023-02-25,ON,0.0,0.0,0.0,0.0,0.0,0.0,0.0,0.0,0.0,465.0,6.0,-5.0,-2.0,0.0
804,2023-02-26,ON,-3032.0,-737.0,3297.0,30129.0,29657.0,0.0,0.0,0.0,0.2,402.0,9.0,-62.0,6.0,0.0
805,2023-02-27,ON,0.0,0.0,0.0,0.0,0.0,0.0,0.0,0.0,0.0,549.0,7.0,32.0,7.0,0.0
806,2023-02-28,ON,0.0,0.0,0.0,0.0,0.0,0.0,0.0,0.0,0.0,652.0,10.0,25.0,0.0,0.0
807,2023-03-01,ON,0.0,0.0,0.0,0.0,0.0,0.0,0.0,0.0,0.0,661.0,10.0,23.0,-3.0,0.0
808,2023-03-02,ON,0.0,0.0,0.0,0.0,0.0,0.0,0.0,0.0,0.0,666.0,4.0,-25.0,-3.0,0.0
809,2023-03-03,ON,0.0,0.0,0.0,0.0,0.0,0.0,0.0,0.0,0.0,580.0,9.0,30.0,1.0,0.0
810,2023-03-04,ON,0.0,0.0,0.0,0.0,0.0,0.0,0.0,0.0,0.0,391.0,7.0,-27.0,-7.0,0.0
811,2023-03-05,ON,0.0,0.0,0.0,0.0,0.0,0.0,0.0,0.0,0.0,330.0,6.0,-105.0,-9.0,0.0
812,2023-03-06,ON,0.0,0.0,0.0,0.0,0.0,0.0,0.0,0.0,0.0,534.0,3.0,81.0,-1.0,0.0
813,2023-03-07,ON,0.0,0.0,0.0,0.0,0.0,0.0,0.0,0.0,0.0,668.0,7.0,8.0,-2.0,0.0
814,2023-03-08,ON,0.0,0.0,0.0,0.0,0.0,0.0,0.0,0.0,0.0,540.0,5.0,-39.0,5.0,0.0
815,2023-03-09,ON,0.0,0.0,0.0,0.0,0.0,0.0,0.0,0.0,0.0,709.0,8.0,-9.0,8.0,0.0
816,2023-03-10,ON,0.0,0.0,0.0,0.0,0.0,0.0,0.0,0.0,0.0,558.0,8.0,-18.0,-1.0,0.0
817,2023-03-11,ON,0.0,0.0,0.0,0.0,0.0,0.0,0.0,0.0,0.0,416.0,4.0,-3.0,4.0,0.0
818,2023-03-12,ON,0.0,0.0,0.0,0.0,0.0,0.0,0.0,0.0,0.0,302.0,3.0,-93.0,-9.0,0.0
819,2023-03-13,ON,0.0,0.0,0.0,0.0,0.0,0.0,0.0,0.0,0.0,490.0,3.0,19.0,-6.0,0.0
820,2023-03-14,ON,0.0,0.0,0.0,0.0,0.0,0.0,0.0,0.0,0.0,583.0,6.0,6.0,-2.0,0.0
821,2023-03-15,ON,0.0,0.0,0.0,0.0,0.0,0.0,0.0,0.0,0.0,664.0,5.0,-33.0,-9.0,0.0
822,2023-03-16,ON,0.0,0.0,0.0,0.0,0.0,0.0,0.0,0.0,0.0,562.0,5.0,0.0,4.0,0.0
823,2023-03-17,ON,0.0,0.0,0.0,0.0,0.0,0.0,0.0,0.0,0.0,513.0,3.0,26.0,-12.0,0.0
824,2023-03-18,ON,0.0,0.0,0.0,0.0,0.0,0.0,0.0,0.0,0.0,459.0,5.0,-38.0,0.0,0.0
825,2023-03-19,ON,0.0,0.0,0.0,0.0,0.0,0.0,0.0,0.0,0.0,294.0,3.0,-21.0,8.0,0.0
826,2023-03-20,ON,0.0,0.0,0.0,0.0,0.0,0.0,0.0,0.0,0.0,521.0,9.0,9.0,7.0,0.0
827,2023-03-21,ON,0.0,0.0,0.0,0.0,0.0,0.0,0.0,0.0,0.0,645.0,4.0,23.0,4.0,0.0
828,2023-03-22,ON,0.0,0.0,0.0,0.0,0.0,0.0,0.0,0.0,0.0,590.0,8.0,-44.0,2.0,0.0
829,2023-03-23,ON,0.0,0.0,0.0,0.0,0.0,0.0,0.0,0.0,0.0,528.0,4.0,36.0,-5.0,0.0
830,2023-03-24,ON,0.0,0.0,0.0,0.0,0.0,0.0,0.0,0.0,0.0,466.0,2.0,-33.0,1.0,0.0
831,2023-03-25,ON,0.0,0.0,0.0,0.0,0.0,0.0,0.0,0.0,0.0,361.0,0.0,20.0,-13.0,0.0
832,2023-03-26,ON,-4261.0,-951.0,160.0,15043.0,9991.0,0.0,0.0,0.0,0.1,0.0,0.0,-63.0,4.0,0.0
833,2023-03-27,ON,0.0,0.0,0.0,0.0,0.0,0.0,0.0,0.0,0.0,0.0,0.0,35.0,-4.0,0.0
834,2023-03-28,ON,0.0,0.0,0.0,0.0,0.0,0.0,0.0,0.0,0.0,0.0,0.0,4.0,-2.0,0.0
835,2023-03-29,ON,0.0,0.0,0.0,0.0,0.0,0.0,0.0,0.0,0.0,0.0,0.0,-49.0,-3.0,0.0
836,2023-03-30,ON,0.0,0.0,0.0,0.0,0.0,0.0,0.0,0.0,0.0,0.0,0.0,9.0,-3.0,0.0
837,2023-03-31,ON,0.0,0.0,0.0,0.0,0.0,0.0,0.0,0.0,0.0,0.0,0.0,40.0,1.0,0.0
838,2023-04-01,ON,0.0,0.0,0.0,0.0,0.0,0.0,0.0,0.0,0.0,0.0,0.0,-8.0,2.0,0.0
839,2023-04-02,ON,0.0,0.0,0.0,0.0,0.0,0.0,0.0,0.0,0.0,0.0,0.0,-94.0,-4.0,0.0
840,2023-04-03,ON,0.0,0.0,0.0,0.0,0.0,0.0,0.0,0.0,0.0,0.0,0.0,2.0,6.0,0.0
