,Date,Province,Vaccine dose 1,Booster vaccine 2,Booster vaccine 3,Booster vaccine 4,Total vaccine,Vaccine coverage dose 1,Vaccine coverage booster 2,Vaccine coverage booster 3,Vaccine coverage booster 4,Cases,Deaths,Hospitalizations,ICU,Tests Completed,Deaths
0,2020-12-14,BC,0.0,0.0,0.0,0.0,0.0,0.0,0.0,0.0,0.0,515.0,49.0,17.0,0.0,6522.0,49.0
1,2020-12-15,BC,0.0,0.0,0.0,0.0,0.0,0.0,0.0,0.0,0.0,586.0,21.0,2.0,6.0,15196.0,21.0
2,2020-12-16,BC,0.0,0.0,0.0,0.0,0.0,0.0,0.0,0.0,0.0,635.0,24.0,1.0,-2.0,12095.0,24.0
3,2020-12-17,BC,0.0,0.0,0.0,0.0,0.0,0.0,0.0,0.0,0.0,622.0,21.0,-4.0,2.0,11533.0,21.0
4,2020-12-18,BC,0.0,0.0,0.0,0.0,0.0,0.0,0.0,0.0,0.0,640.0,11.0,-2.0,-1.0,11717.0,11.0
5,2020-12-19,BC,3634.0,0.0,0.0,0.0,3634.0,0.1,0.0,0.0,0.0,579.0,0.0,0.0,0.0,11067.0,0.0
6,2020-12-20,BC,0.0,0.0,0.0,0.0,0.0,0.0,0.0,0.0,0.0,503.0,0.0,0.0,0.0,7175.0,0.0
7,2020-12-21,BC,0.0,0.0,0.0,0.0,0.0,0.0,0.0,0.0,0.0,404.0,41.0,-15.0,-12.0,6577.0,41.0
8,2020-12-22,BC,0.0,0.0,0.0,0.0,0.0,0.0,0.0,0.0,0.0,514.0,12.0,16.0,4.0,8518.0,12.0
9,2020-12-23,BC,0.0,0.0,0.0,0.0,0.0,0.0,0.0,0.0,0.0,536.0,19.0,-9.0,-4.0,8854.0,19.0
10,2020-12-24,BC,0.0,0.0,0.0,0.0,0.0,0.0,0.0,0.0,0.0,554.0,12.0,-7.0,-2.0,8026.0,12.0
11,2020-12-25,BC,0.0,0.0,0.0,0.0,0.0,0.0,0.0,0.0,0.0,404.0,0.0,0.0,0.0,6106.0,0.0
12,2020-12-26,BC,8813.0,0.0,0.0,0.0,8813.0,0.1,0.0,0.0,0.0,331.0,0.0,0.0,0.0,3788.0,0.0
13,2020-12-27,BC,0.0,0.0,0.0,0.0,0.0,0.0,0.0,0.0,0.0,476.0,0.0,0.0,0.0,4426.0,0.0
14,2020-12-28,BC,0.0,0.0,0.0,0.0,0.0,0.0,0.0,0.0,0.0,404.0,0.0,0.0,0.0,4673.0,0.0
15,2020-12-29,BC,0.0,0.0,0.0,0.0,0.0,0.0,0.0,0.0,0.0,618.0,74.0,32.0,2.0,6786.0,74.0
16,2020-12-30,BC,0.0,0.0,0.0,0.0,0.0,0.0,0.0,0.0,0.0,594.0,11.0,6.0,-3.0,8005.0,11.0
17,2020-12-31,BC,0.0,0.0,0.0,0.0,0.0,0.0,0.0,0.0,0.0,619.0,8.0,-5.0,-1.0,7668.0,8.0
18,2021-01-01,BC,0.0,0.0,0.0,0.0,0.0,0.0,0.0,0.0,0.0,596.0,0.0,0.0,0.0,7262.0,0.0
19,2021-01-02,BC,12223.0,0.0,0.0,0.0,12223.0,0.3,0.0,0.0,0.0,414.0,0.0,0.0,0.0,4672.0,0.0
20,2021-01-03,BC,0.0,0.0,0.0,0.0,0.0,0.0,0.0,0.0,0.0,537.0,0.0,0.0,0.0,5925.0,0.0
21,2021-01-04,BC,0.0,0.0,0.0,0.0,0.0,0.0,0.0,0.0,0.0,517.0,45.0,-23.0,0.0,6054.0,45.0
22,2021-01-05,BC,0.0,0.0,0.0,0.0,0.0,0.0,0.0,0.0,0.0,565.0,8.0,16.0,1.0,9020.0,8.0
23,2021-01-06,BC,0.0,0.0,0.0,0.0,0.0,0.0,0.0,0.0,0.0,606.0,8.0,14.0,1.0,8962.0,8.0
24,2021-01-07,BC,0.0,0.0,0.0,0.0,0.0,0.0,0.0,0.0,0.0,546.0,8.0,-9.0,-4.0,9330.0,8.0
25,2021-01-08,BC,0.0,0.0,0.0,0.0,0.0,0.0,0.0,0.0,0.0,526.0,18.0,-14.0,1.0,8525.0,18.0
26,2021-01-09,BC,35545.0,35.0,0.0,0.0,35580.0,0.7,0.0,0.0,0.0,531.0,0.0,0.0,0.0,9564.0,0.0
27,2021-01-10,BC,0.0,0.0,0.0,0.0,0.0,0.0,0.0,0.0,0.0,449.0,0.0,0.0,0.0,5719.0,0.0
28,2021-01-11,BC,0.0,0.0,0.0,0.0,0.0,0.0,0.0,0.0,0.0,407.0,22.0,0.0,-3.0,5883.0,22.0
29,2021-01-12,BC,0.0,0.0,0.0,0.0,0.0,0.0,0.0,0.0,0.0,503.0,9.0,10.0,0.0,9118.0,9.0
30,2021-01-13,BC,0.0,0.0,0.0,0.0,0.0,0.0,0.0,0.0,0.0,521.0,12.0,-8.0,4.0,9414.0,12.0
31,2021-01-14,BC,0.0,0.0,0.0,0.0,0.0,0.0,0.0,0.0,0.0,495.0,7.0,2.0,-2.0,9821.0,7.0
32,2021-01-15,BC,0.0,0.0,0.0,0.0,0.0,0.0,0.0,0.0,0.0,572.0,9.0,-13.0,-6.0,9181.0,9.0
33,2021-01-16,BC,29500.0,12.0,0.0,0.0,29512.0,0.5,0.0,0.0,0.0,460.0,0.0,0.0,0.0,10621.0,0.0
34,2021-01-17,BC,0.0,0.0,0.0,0.0,0.0,0.0,0.0,0.0,0.0,316.0,0.0,0.0,0.0,5636.0,0.0
35,2021-01-18,BC,0.0,0.0,0.0,0.0,0.0,0.0,0.0,0.0,0.0,379.0,31.0,-6.0,0.0,5152.0,31.0
36,2021-01-19,BC,0.0,0.0,0.0,0.0,0.0,0.0,0.0,0.0,0.0,512.0,12.0,-14.0,2.0,10542.0,12.0
37,2021-01-20,BC,0.0,0.0,0.0,0.0,0.0,0.0,0.0,0.0,0.0,558.0,14.0,-9.0,-4.0,8942.0,14.0
38,2021-01-21,BC,0.0,0.0,0.0,0.0,0.0,0.0,0.0,0.0,0.0,520.0,15.0,-11.0,2.0,9542.0,15.0
39,2021-01-22,BC,0.0,0.0,0.0,0.0,0.0,0.0,0.0,0.0,0.0,484.0,9.0,6.0,6.0,10297.0,9.0
40,2021-01-23,BC,28437.0,3313.0,0.0,0.0,31750.0,0.6,0.1,0.0,0.0,494.0,0.0,0.0,0.0,10545.0,0.0
41,2021-01-24,BC,0.0,0.0,0.0,0.0,0.0,0.0,0.0,0.0,0.0,359.0,0.0,0.0,0.0,5926.0,0.0
42,2021-01-25,BC,0.0,0.0,0.0,0.0,0.0,0.0,0.0,0.0,0.0,334.0,26.0,13.0,-6.0,5226.0,26.0
43,2021-01-26,BC,0.0,0.0,0.0,0.0,0.0,0.0,0.0,0.0,0.0,537.0,14.0,-15.0,3.0,11739.0,14.0
44,2021-01-27,BC,0.0,0.0,0.0,0.0,0.0,0.0,0.0,0.0,0.0,502.0,4.0,-10.0,3.0,10027.0,4.0
45,2021-01-28,BC,0.0,0.0,0.0,0.0,0.0,0.0,0.0,0.0,0.0,523.0,12.0,-12.0,1.0,11764.0,12.0
46,2021-01-29,BC,0.0,0.0,0.0,0.0,0.0,0.0,0.0,0.0,0.0,418.0,5.0,1.0,-1.0,9641.0,5.0
47,2021-01-30,BC,17351.0,1232.0,0.0,0.0,18583.0,0.3,0.0,0.0,0.0,478.0,0.0,0.0,0.0,8911.0,0.0
48,2021-01-31,BC,0.0,0.0,0.0,0.0,0.0,0.0,0.0,0.0,0.0,295.0,0.0,0.0,0.0,5940.0,0.0
49,2021-02-01,BC,0.0,0.0,0.0,0.0,0.0,0.0,0.0,0.0,0.0,397.0,21.0,-3.0,5.0,5566.0,21.0
50,2021-02-02,BC,0.0,0.0,0.0,0.0,0.0,0.0,0.0,0.0,0.0,402.0,8.0,5.0,3.0,7961.0,8.0
51,2021-02-03,BC,0.0,0.0,0.0,0.0,0.0,0.0,0.0,0.0,0.0,473.0,16.0,-16.0,-2.0,8727.0,16.0
52,2021-02-04,BC,0.0,0.0,0.0,0.0,0.0,0.0,0.0,0.0,0.0,475.0,6.0,-21.0,-4.0,8186.0,6.0
53,2021-02-05,BC,0.0,0.0,0.0,0.0,0.0,0.0,0.0,0.0,0.0,444.0,6.0,-4.0,-6.0,8673.0,6.0
54,2021-02-06,BC,7499.0,7536.0,0.0,0.0,15035.0,0.1,0.1,0.0,0.0,483.0,0.0,0.0,0.0,7910.0,0.0
55,2021-02-07,BC,0.0,0.0,0.0,0.0,0.0,0.0,0.0,0.0,0.0,346.0,0.0,0.0,0.0,5552.0,0.0
56,2021-02-08,BC,0.0,0.0,0.0,0.0,0.0,0.0,0.0,0.0,0.0,393.0,13.0,-19.0,-1.0,4987.0,13.0
57,2021-02-09,BC,0.0,0.0,0.0,0.0,0.0,0.0,0.0,0.0,0.0,474.0,4.0,7.0,-1.0,8050.0,4.0
58,2021-02-10,BC,0.0,0.0,0.0,0.0,0.0,0.0,0.0,0.0,0.0,447.0,6.0,-11.0,-2.0,8211.0,6.0
59,2021-02-11,BC,0.0,0.0,0.0,0.0,0.0,0.0,0.0,0.0,0.0,433.0,9.0,-6.0,-3.0,7731.0,9.0
60,2021-02-12,BC,0.0,0.0,0.0,0.0,0.0,0.0,0.0,0.0,0.0,450.0,10.0,2.0,-2.0,7804.0,10.0
61,2021-02-13,BC,6188.0,10506.0,0.0,0.0,16694.0,0.2,0.2,0.0,0.0,448.0,0.0,0.0,0.0,7985.0,0.0
62,2021-02-14,BC,0.0,0.0,0.0,0.0,0.0,0.0,0.0,0.0,0.0,360.0,0.0,0.0,0.0,5487.0,0.0
63,2021-02-15,BC,0.0,0.0,0.0,0.0,0.0,0.0,0.0,0.0,0.0,322.0,0.0,0.0,0.0,5248.0,0.0
64,2021-02-16,BC,0.0,0.0,0.0,0.0,0.0,0.0,0.0,0.0,0.0,392.0,26.0,5.0,13.0,5635.0,26.0
65,2021-02-17,BC,0.0,0.0,0.0,0.0,0.0,0.0,0.0,0.0,0.0,618.0,3.0,1.0,-11.0,9147.0,3.0
66,2021-02-18,BC,0.0,0.0,0.0,0.0,0.0,0.0,0.0,0.0,0.0,542.0,4.0,-8.0,-3.0,9117.0,4.0
67,2021-02-19,BC,0.0,0.0,0.0,0.0,0.0,0.0,0.0,0.0,0.0,529.0,6.0,-7.0,0.0,6006.0,6.0
68,2021-02-20,BC,15059.0,32584.0,0.0,0.0,47643.0,0.2,0.7,0.0,0.0,492.0,0.0,0.0,0.0,7219.0,0.0
69,2021-02-21,BC,0.0,0.0,0.0,0.0,0.0,0.0,0.0,0.0,0.0,454.0,0.0,0.0,0.0,6006.0,0.0
70,2021-02-22,BC,0.0,0.0,0.0,0.0,0.0,0.0,0.0,0.0,0.0,498.0,8.0,6.0,6.0,6758.0,8.0
71,2021-02-23,BC,0.0,0.0,0.0,0.0,0.0,0.0,0.0,0.0,0.0,520.0,1.0,15.0,3.0,9187.0,1.0
72,2021-02-24,BC,0.0,0.0,0.0,0.0,0.0,0.0,0.0,0.0,0.0,506.0,2.0,-1.0,-5.0,8270.0,2.0
73,2021-02-25,BC,0.0,0.0,0.0,0.0,0.0,0.0,0.0,0.0,0.0,593.0,10.0,-9.0,-2.0,9764.0,10.0
74,2021-02-26,BC,0.0,0.0,0.0,0.0,0.0,0.0,0.0,0.0,0.0,517.0,7.0,4.0,1.0,8762.0,7.0
75,2021-02-27,BC,28514.0,28804.0,0.0,0.0,57318.0,0.6,0.5,0.0,0.0,493.0,0.0,0.0,0.0,8720.0,0.0
76,2021-02-28,BC,0.0,0.0,0.0,0.0,0.0,0.0,0.0,0.0,0.0,450.0,0.0,0.0,0.0,6726.0,0.0
77,2021-03-01,BC,0.0,0.0,0.0,0.0,0.0,0.0,0.0,0.0,0.0,457.0,8.0,4.0,2.0,6415.0,8.0
78,2021-03-02,BC,0.0,0.0,0.0,0.0,0.0,0.0,0.0,0.0,0.0,557.0,2.0,7.0,-2.0,9189.0,2.0
79,2021-03-03,BC,0.0,0.0,0.0,0.0,0.0,0.0,0.0,0.0,0.0,564.0,7.0,3.0,1.0,8282.0,7.0
80,2021-03-04,BC,0.0,0.0,0.0,0.0,0.0,0.0,0.0,0.0,0.0,626.0,4.0,2.0,-1.0,10384.0,4.0
81,2021-03-05,BC,0.0,0.0,0.0,0.0,0.0,0.0,0.0,0.0,0.0,548.0,4.0,7.0,3.0,9441.0,4.0
82,2021-03-06,BC,54793.0,3037.0,0.0,0.0,57830.0,1.0,0.1,0.0,0.0,556.0,0.0,0.0,0.0,9712.0,0.0
83,2021-03-07,BC,0.0,0.0,0.0,0.0,0.0,0.0,0.0,0.0,0.0,399.0,0.0,0.0,0.0,6607.0,0.0
84,2021-03-08,BC,0.0,0.0,0.0,0.0,0.0,0.0,0.0,0.0,0.0,497.0,11.0,-15.0,0.0,6560.0,11.0
85,2021-03-09,BC,0.0,0.0,0.0,0.0,0.0,0.0,0.0,0.0,0.0,528.0,2.0,9.0,2.0,9147.0,2.0
86,2021-03-10,BC,0.0,0.0,0.0,0.0,0.0,0.0,0.0,0.0,0.0,580.0,1.0,-5.0,-2.0,8983.0,1.0
87,2021-03-11,BC,0.0,0.0,0.0,0.0,0.0,0.0,0.0,0.0,0.0,660.0,3.0,0.0,2.0,9270.0,3.0
88,2021-03-12,BC,0.0,0.0,0.0,0.0,0.0,0.0,0.0,0.0,0.0,550.0,0.0,11.0,-1.0,8963.0,0.0
89,2021-03-13,BC,75633.0,121.0,0.0,0.0,75754.0,1.5,0.0,0.0,0.0,525.0,0.0,0.0,0.0,8660.0,0.0
90,2021-03-14,BC,0.0,0.0,0.0,0.0,0.0,0.0,0.0,0.0,0.0,483.0,0.0,0.0,0.0,7198.0,0.0
91,2021-03-15,BC,0.0,0.0,0.0,0.0,0.0,0.0,0.0,0.0,0.0,482.0,10.0,14.0,9.0,7101.0,10.0
92,2021-03-16,BC,0.0,0.0,0.0,0.0,0.0,0.0,0.0,0.0,0.0,511.0,0.0,11.0,8.0,8843.0,0.0
93,2021-03-17,BC,0.0,0.0,0.0,0.0,0.0,0.0,0.0,0.0,0.0,597.0,4.0,1.0,-1.0,8234.0,4.0
94,2021-03-18,BC,0.0,0.0,0.0,0.0,0.0,0.0,0.0,0.0,0.0,735.0,8.0,5.0,2.0,9789.0,8.0
95,2021-03-19,BC,0.0,0.0,0.0,0.0,0.0,0.0,0.0,0.0,0.0,577.0,2.0,6.0,0.0,8010.0,2.0
96,2021-03-20,BC,130295.0,100.0,0.0,0.0,130395.0,2.5,0.0,0.0,0.0,614.0,0.0,0.0,0.0,8677.0,0.0
97,2021-03-21,BC,0.0,0.0,0.0,0.0,0.0,0.0,0.0,0.0,0.0,659.0,0.0,0.0,0.0,6433.0,0.0
98,2021-03-22,BC,0.0,0.0,0.0,0.0,0.0,0.0,0.0,0.0,0.0,583.0,16.0,11.0,-5.0,6006.0,16.0
99,2021-03-23,BC,0.0,0.0,0.0,0.0,0.0,0.0,0.0,0.0,0.0,720.0,1.0,11.0,3.0,8152.0,1.0
100,2021-03-24,BC,0.0,0.0,0.0,0.0,0.0,0.0,0.0,0.0,0.0,806.0,3.0,-11.0,2.0,8869.0,3.0
101,2021-03-25,BC,0.0,0.0,0.0,0.0,0.0,0.0,0.0,0.0,0.0,989.0,5.0,3.0,-6.0,9017.0,5.0
102,2021-03-26,BC,0.0,0.0,0.0,0.0,0.0,0.0,0.0,0.0,0.0,884.0,3.0,-12.0,2.0,9345.0,3.0
103,2021-03-27,BC,160487.0,159.0,0.0,0.0,160646.0,3.1,0.0,0.0,0.0,826.0,0.0,0.0,0.0,9406.0,0.0
104,2021-03-28,BC,0.0,0.0,0.0,0.0,0.0,0.0,0.0,0.0,0.0,802.0,0.0,0.0,0.0,7335.0,0.0
105,2021-03-29,BC,0.0,0.0,0.0,0.0,0.0,0.0,0.0,0.0,0.0,785.0,6.0,5.0,-2.0,7579.0,6.0
106,2021-03-30,BC,0.0,0.0,0.0,0.0,0.0,0.0,0.0,0.0,0.0,1022.0,0.0,13.0,-1.0,9984.0,0.0
107,2021-03-31,BC,0.0,0.0,0.0,0.0,0.0,0.0,0.0,0.0,0.0,879.0,3.0,-11.0,2.0,9880.0,3.0
108,2021-04-01,BC,0.0,0.0,0.0,0.0,0.0,0.0,0.0,0.0,0.0,1074.0,5.0,-5.0,-1.0,6902.0,5.0
109,2021-04-02,BC,0.0,0.0,0.0,0.0,0.0,0.0,0.0,0.0,0.0,1106.0,0.0,0.0,0.0,10784.0,0.0
110,2021-04-03,BC,193614.0,168.0,0.0,0.0,193782.0,3.7,0.0,0.0,0.0,1028.0,0.0,0.0,11.0,8629.0,0.0
111,2021-04-04,BC,0.0,0.0,0.0,0.0,0.0,0.0,0.0,0.0,0.0,912.0,0.0,0.0,0.0,6983.0,0.0
112,2021-04-05,BC,0.0,0.0,0.0,0.0,0.0,0.0,0.0,0.0,0.0,928.0,23.0,22.0,6.0,8106.0,23.0
113,2021-04-06,BC,0.0,0.0,0.0,0.0,0.0,0.0,0.0,0.0,0.0,1036.0,3.0,10.0,0.0,11202.0,3.0
114,2021-04-07,BC,0.0,0.0,0.0,0.0,0.0,0.0,0.0,0.0,0.0,1314.0,2.0,2.0,9.0,12332.0,2.0
115,2021-04-08,BC,0.0,0.0,0.0,0.0,0.0,0.0,0.0,0.0,0.0,1217.0,2.0,3.0,-4.0,12886.0,2.0
116,2021-04-09,BC,0.0,0.0,0.0,0.0,0.0,0.0,0.0,0.0,0.0,1301.0,2.0,-1.0,1.0,12715.0,2.0
117,2021-04-10,BC,214801.0,212.0,0.0,0.0,215013.0,4.1,0.0,0.0,0.0,1064.0,0.0,0.0,0.0,11676.0,0.0
118,2021-04-11,BC,0.0,0.0,0.0,0.0,0.0,0.0,0.0,0.0,0.0,1040.0,0.0,0.0,0.0,9960.0,0.0
119,2021-04-12,BC,0.0,0.0,0.0,0.0,0.0,0.0,0.0,0.0,0.0,941.0,18.0,36.0,19.0,8361.0,18.0
120,2021-04-13,BC,0.0,0.0,0.0,0.0,0.0,0.0,0.0,0.0,0.0,1004.0,2.0,9.0,-5.0,7846.0,2.0
121,2021-04-14,BC,0.0,0.0,0.0,0.0,0.0,0.0,0.0,0.0,0.0,1225.0,6.0,20.0,4.0,13018.0,6.0
122,2021-04-15,BC,0.0,0.0,0.0,0.0,0.0,0.0,0.0,0.0,0.0,929.0,3.0,12.0,5.0,11718.0,3.0
123,2021-04-16,BC,0.0,0.0,0.0,0.0,0.0,0.0,0.0,0.0,0.0,1086.0,6.0,16.0,2.0,11794.0,6.0
124,2021-04-17,BC,267175.0,419.0,0.0,0.0,267594.0,5.1,0.0,0.0,0.0,965.0,0.0,0.0,0.0,10656.0,0.0
125,2021-04-18,BC,0.0,0.0,0.0,0.0,0.0,0.0,0.0,0.0,0.0,1019.0,0.0,0.0,0.0,9133.0,0.0
126,2021-04-19,BC,0.0,0.0,0.0,0.0,0.0,0.0,0.0,0.0,0.0,744.0,8.0,16.0,11.0,8453.0,8.0
127,2021-04-20,BC,0.0,0.0,0.0,0.0,0.0,0.0,0.0,0.0,0.0,929.0,1.0,15.0,10.0,10113.0,1.0
128,2021-04-21,BC,0.0,0.0,0.0,0.0,0.0,0.0,0.0,0.0,0.0,960.0,7.0,27.0,16.0,9377.0,7.0
129,2021-04-22,BC,0.0,0.0,0.0,0.0,0.0,0.0,0.0,0.0,0.0,1014.0,4.0,19.0,-3.0,10753.0,4.0
130,2021-04-23,BC,0.0,0.0,0.0,0.0,0.0,0.0,0.0,0.0,0.0,893.0,4.0,-16.0,-1.0,10415.0,4.0
131,2021-04-24,BC,253724.0,931.0,0.0,0.0,254655.0,4.9,0.0,0.0,0.0,871.0,0.0,0.0,0.0,10779.0,0.0
132,2021-04-25,BC,0.0,0.0,0.0,0.0,0.0,0.0,0.0,0.0,0.0,764.0,0.0,0.0,0.0,8236.0,0.0
133,2021-04-26,BC,0.0,0.0,0.0,0.0,0.0,0.0,0.0,0.0,0.0,773.0,17.0,-2.0,-2.0,8596.0,17.0
134,2021-04-27,BC,0.0,0.0,0.0,0.0,0.0,0.0,0.0,0.0,0.0,796.0,0.0,16.0,6.0,11197.0,0.0
135,2021-04-28,BC,0.0,0.0,0.0,0.0,0.0,0.0,0.0,0.0,0.0,872.0,5.0,15.0,7.0,10914.0,5.0
136,2021-04-29,BC,0.0,0.0,0.0,0.0,0.0,0.0,0.0,0.0,0.0,746.0,1.0,-12.0,7.0,10298.0,1.0
137,2021-04-30,BC,0.0,0.0,0.0,0.0,0.0,0.0,0.0,0.0,0.0,892.0,4.0,8.0,-4.0,11299.0,4.0
138,2021-05-01,BC,238619.0,2726.0,0.0,0.0,241345.0,4.6,0.1,0.0,0.0,688.0,0.0,0.0,0.0,9474.0,0.0
139,2021-05-02,BC,0.0,0.0,0.0,0.0,0.0,0.0,0.0,0.0,0.0,646.0,0.0,0.0,0.0,7429.0,0.0
140,2021-05-03,BC,0.0,0.0,0.0,0.0,0.0,0.0,0.0,0.0,0.0,569.0,13.0,-37.0,2.0,8192.0,13.0
141,2021-05-04,BC,0.0,0.0,0.0,0.0,0.0,0.0,0.0,0.0,0.0,627.0,0.0,12.0,-3.0,10354.0,0.0
142,2021-05-05,BC,0.0,0.0,0.0,0.0,0.0,0.0,0.0,0.0,0.0,711.0,0.0,-5.0,-12.0,9397.0,0.0
143,2021-05-06,BC,0.0,0.0,0.0,0.0,0.0,0.0,0.0,0.0,0.0,650.0,1.0,-24.0,-7.0,9911.0,1.0
144,2021-05-07,BC,0.0,0.0,0.0,0.0,0.0,0.0,0.0,0.0,0.0,617.0,7.0,-12.0,3.0,8813.0,7.0
145,2021-05-08,BC,266648.0,14381.0,0.0,0.0,281029.0,5.1,0.2,0.0,0.0,623.0,0.0,0.0,0.0,8826.0,0.0
146,2021-05-09,BC,0.0,0.0,0.0,0.0,0.0,0.0,0.0,0.0,0.0,569.0,0.0,0.0,0.0,6948.0,0.0
147,2021-05-10,BC,0.0,0.0,0.0,0.0,0.0,0.0,0.0,0.0,0.0,516.0,20.0,-30.0,-7.0,7976.0,20.0
148,2021-05-11,BC,0.0,0.0,0.0,0.0,0.0,0.0,0.0,0.0,0.0,575.0,2.0,11.0,-9.0,9109.0,2.0
149,2021-05-12,BC,0.0,0.0,0.0,0.0,0.0,0.0,0.0,0.0,0.0,604.0,3.0,-3.0,0.0,8918.0,3.0
150,2021-05-13,BC,0.0,0.0,0.0,0.0,0.0,0.0,0.0,0.0,0.0,479.0,5.0,-10.0,0.0,8107.0,5.0
151,2021-05-14,BC,0.0,0.0,0.0,0.0,0.0,0.0,0.0,0.0,0.0,452.0,2.0,-26.0,0.0,8292.0,2.0
152,2021-05-15,BC,344849.0,24154.0,0.0,0.0,369003.0,6.6,0.5,0.0,0.0,486.0,0.0,0.0,0.0,7675.0,0.0
153,2021-05-16,BC,0.0,0.0,0.0,0.0,0.0,0.0,0.0,0.0,0.0,442.0,0.0,0.0,0.0,5887.0,0.0
154,2021-05-17,BC,0.0,0.0,0.0,0.0,0.0,0.0,0.0,0.0,0.0,398.0,14.0,-37.0,-9.0,7279.0,14.0
155,2021-05-18,BC,0.0,0.0,0.0,0.0,0.0,0.0,0.0,0.0,0.0,522.0,2.0,10.0,-5.0,8665.0,2.0
156,2021-05-19,BC,0.0,0.0,0.0,0.0,0.0,0.0,0.0,0.0,0.0,375.0,8.0,-20.0,-9.0,7581.0,8.0
157,2021-05-20,BC,0.0,0.0,0.0,0.0,0.0,0.0,0.0,0.0,0.0,433.0,3.0,-9.0,-5.0,7214.0,3.0
158,2021-05-21,BC,0.0,0.0,0.0,0.0,0.0,0.0,0.0,0.0,0.0,353.0,6.0,-12.0,-6.0,7262.0,6.0
159,2021-05-22,BC,346375.0,17190.0,0.0,0.0,363565.0,6.6,0.3,0.0,0.0,334.0,0.0,0.0,0.0,6259.0,0.0
160,2021-05-23,BC,0.0,0.0,0.0,0.0,0.0,0.0,0.0,0.0,0.0,302.0,0.0,0.0,0.0,5040.0,0.0
161,2021-05-24,BC,0.0,0.0,0.0,0.0,0.0,0.0,0.0,0.0,0.0,252.0,12.0,-27.0,-11.0,5022.0,12.0
162,2021-05-25,BC,0.0,0.0,0.0,0.0,0.0,0.0,0.0,0.0,0.0,254.0,1.0,9.0,-3.0,5766.0,1.0
163,2021-05-26,BC,0.0,0.0,0.0,0.0,0.0,0.0,0.0,0.0,0.0,392.0,3.0,-5.0,4.0,7500.0,3.0
164,2021-05-27,BC,0.0,0.0,0.0,0.0,0.0,0.0,0.0,0.0,0.0,314.0,7.0,-10.0,-9.0,7500.0,7.0
165,2021-05-28,BC,0.0,0.0,0.0,0.0,0.0,0.0,0.0,0.0,0.0,251.0,2.0,6.0,-9.0,6537.0,2.0
166,2021-05-29,BC,324051.0,32964.0,0.0,0.0,357015.0,6.3,0.7,0.0,0.0,246.0,0.0,0.0,0.0,5859.0,0.0
167,2021-05-30,BC,0.0,0.0,0.0,0.0,0.0,0.0,0.0,0.0,0.0,218.0,0.0,0.0,0.0,4395.0,0.0
168,2021-05-31,BC,0.0,0.0,0.0,0.0,0.0,0.0,0.0,0.0,0.0,153.0,11.0,-43.0,-1.0,5157.0,11.0
169,2021-06-01,BC,0.0,0.0,0.0,0.0,0.0,0.0,0.0,0.0,0.0,198.0,0.0,5.0,2.0,6862.0,0.0
170,2021-06-02,BC,0.0,0.0,0.0,0.0,0.0,0.0,0.0,0.0,0.0,200.0,4.0,-8.0,-10.0,5840.0,4.0
171,2021-06-03,BC,0.0,0.0,0.0,0.0,0.0,0.0,0.0,0.0,0.0,178.0,2.0,-22.0,-8.0,6151.0,2.0
172,2021-06-04,BC,0.0,0.0,0.0,0.0,0.0,0.0,0.0,0.0,0.0,227.0,1.0,0.0,-3.0,6352.0,1.0
173,2021-06-05,BC,243579.0,135077.0,0.0,0.0,378656.0,4.6,2.6,0.0,0.0,137.0,0.0,0.0,0.0,5467.0,0.0
174,2021-06-06,BC,0.0,0.0,0.0,0.0,0.0,0.0,0.0,0.0,0.0,134.0,0.0,0.0,0.0,4202.0,0.0
175,2021-06-07,BC,0.0,0.0,0.0,0.0,0.0,0.0,0.0,0.0,0.0,154.0,12.0,-25.0,4.0,4954.0,12.0
176,2021-06-08,BC,0.0,0.0,0.0,0.0,0.0,0.0,0.0,0.0,0.0,169.0,0.0,4.0,-6.0,6621.0,0.0
177,2021-06-09,BC,0.0,0.0,0.0,0.0,0.0,0.0,0.0,0.0,0.0,156.0,3.0,-8.0,-10.0,5889.0,3.0
178,2021-06-10,BC,0.0,0.0,0.0,0.0,0.0,0.0,0.0,0.0,0.0,146.0,4.0,-19.0,2.0,6727.0,4.0
179,2021-06-11,BC,0.0,0.0,0.0,0.0,0.0,0.0,0.0,0.0,0.0,109.0,1.0,-14.0,-4.0,6290.0,1.0
180,2021-06-12,BC,112216.0,298210.0,0.0,0.0,410426.0,2.2,5.7,0.0,0.0,118.0,0.0,0.0,0.0,5463.0,0.0
181,2021-06-13,BC,0.0,0.0,0.0,0.0,0.0,0.0,0.0,0.0,0.0,72.0,0.0,0.0,0.0,4186.0,0.0
182,2021-06-14,BC,0.0,0.0,0.0,0.0,0.0,0.0,0.0,0.0,0.0,105.0,4.0,-26.0,-3.0,4697.0,4.0
183,2021-06-15,BC,0.0,0.0,0.0,0.0,0.0,0.0,0.0,0.0,0.0,110.0,0.0,3.0,-3.0,6143.0,0.0
184,2021-06-16,BC,0.0,0.0,0.0,0.0,0.0,0.0,0.0,0.0,0.0,125.0,4.0,-5.0,2.0,5838.0,4.0
185,2021-06-17,BC,0.0,0.0,0.0,0.0,0.0,0.0,0.0,0.0,0.0,117.0,1.0,-3.0,3.0,6149.0,1.0
186,2021-06-18,BC,0.0,0.0,0.0,0.0,0.0,0.0,0.0,0.0,0.0,90.0,1.0,-3.0,4.0,5841.0,1.0
187,2021-06-19,BC,56210.0,284666.0,0.0,0.0,340876.0,1.1,5.4,0.0,0.0,90.0,0.0,0.0,0.0,5966.0,0.0
188,2021-06-20,BC,0.0,0.0,0.0,0.0,0.0,0.0,0.0,0.0,0.0,46.0,0.0,0.0,0.0,3499.0,0.0
189,2021-06-21,BC,0.0,0.0,0.0,0.0,0.0,0.0,0.0,0.0,0.0,57.0,3.0,-20.0,0.0,4202.0,3.0
190,2021-06-22,BC,0.0,0.0,0.0,0.0,0.0,0.0,0.0,0.0,0.0,83.0,0.0,3.0,-7.0,6034.0,0.0
191,2021-06-23,BC,0.0,0.0,0.0,0.0,0.0,0.0,0.0,0.0,0.0,76.0,1.0,-2.0,0.0,5910.0,1.0
192,2021-06-24,BC,0.0,0.0,0.0,0.0,0.0,0.0,0.0,0.0,0.0,64.0,3.0,4.0,-7.0,6424.0,3.0
193,2021-06-25,BC,0.0,0.0,0.0,0.0,0.0,0.0,0.0,0.0,0.0,55.0,2.0,-5.0,3.0,5087.0,2.0
194,2021-06-26,BC,74084.0,421114.0,0.0,0.0,495198.0,1.4,8.1,0.0,0.0,53.0,0.0,0.0,0.0,4621.0,0.0
195,2021-06-27,BC,0.0,0.0,0.0,0.0,0.0,0.0,0.0,0.0,0.0,40.0,0.0,0.0,0.0,3664.0,0.0
196,2021-06-28,BC,0.0,0.0,0.0,0.0,0.0,0.0,0.0,0.0,0.0,31.0,5.0,-1.0,0.0,2747.0,5.0
197,2021-06-29,BC,0.0,0.0,0.0,0.0,0.0,0.0,0.0,0.0,0.0,47.0,0.0,3.0,-3.0,5042.0,0.0
198,2021-06-30,BC,0.0,0.0,0.0,0.0,0.0,0.0,0.0,0.0,0.0,48.0,0.0,-2.0,0.0,4646.0,0.0
199,2021-07-01,BC,0.0,0.0,0.0,0.0,0.0,0.0,0.0,0.0,0.0,32.0,0.0,0.0,0.0,6063.0,0.0
200,2021-07-02,BC,0.0,0.0,0.0,0.0,0.0,0.0,0.0,0.0,0.0,31.0,2.0,-9.0,-4.0,4528.0,2.0
201,2021-07-03,BC,53763.0,353184.0,0.0,0.0,406947.0,1.0,6.8,0.0,0.0,37.0,0.0,0.0,0.0,4467.0,0.0
202,2021-07-04,BC,0.0,0.0,0.0,0.0,0.0,0.0,0.0,0.0,0.0,24.0,0.0,0.0,0.0,4612.0,0.0
203,2021-07-05,BC,0.0,0.0,0.0,0.0,0.0,0.0,0.0,0.0,0.0,44.0,3.0,-14.0,-8.0,4913.0,3.0
204,2021-07-06,BC,0.0,0.0,0.0,0.0,0.0,0.0,0.0,0.0,0.0,45.0,0.0,2.0,0.0,6041.0,0.0
205,2021-07-07,BC,0.0,0.0,0.0,0.0,0.0,0.0,0.0,0.0,0.0,60.0,0.0,-1.0,-2.0,6974.0,0.0
206,2021-07-08,BC,0.0,0.0,0.0,0.0,0.0,0.0,0.0,0.0,0.0,51.0,1.0,-12.0,-1.0,6841.0,1.0
207,2021-07-09,BC,0.0,0.0,0.0,0.0,0.0,0.0,0.0,0.0,0.0,51.0,0.0,-1.0,0.0,6978.0,0.0
208,2021-07-10,BC,46934.0,398140.0,0.0,0.0,445074.0,0.9,7.6,0.0,0.0,38.0,0.0,0.0,0.0,6963.0,0.0
209,2021-07-11,BC,0.0,0.0,0.0,0.0,0.0,0.0,0.0,0.0,0.0,29.0,0.0,0.0,0.0,5168.0,0.0
210,2021-07-12,BC,0.0,0.0,0.0,0.0,0.0,0.0,0.0,0.0,0.0,42.0,0.0,-7.0,-5.0,5181.0,0.0
211,2021-07-13,BC,0.0,0.0,0.0,0.0,0.0,0.0,0.0,0.0,0.0,31.0,0.0,0.0,0.0,4171.0,0.0
212,2021-07-14,BC,0.0,0.0,0.0,0.0,0.0,0.0,0.0,0.0,0.0,56.0,0.0,-1.0,-3.0,7721.0,0.0
213,2021-07-15,BC,0.0,0.0,0.0,0.0,0.0,0.0,0.0,0.0,0.0,47.0,1.0,-2.0,1.0,3909.0,1.0
214,2021-07-16,BC,0.0,0.0,0.0,0.0,0.0,0.0,0.0,0.0,0.0,54.0,0.0,-3.0,0.0,6365.0,0.0
215,2021-07-17,BC,38470.0,370944.0,0.0,0.0,409414.0,0.7,7.1,0.0,0.0,66.0,0.0,0.0,0.0,7334.0,0.0
216,2021-07-18,BC,0.0,0.0,0.0,0.0,0.0,0.0,0.0,0.0,0.0,48.0,0.0,0.0,0.0,6819.0,0.0
217,2021-07-19,BC,0.0,0.0,0.0,0.0,0.0,0.0,0.0,0.0,0.0,65.0,2.0,-11.0,0.0,6822.0,2.0
218,2021-07-20,BC,0.0,0.0,0.0,0.0,0.0,0.0,0.0,0.0,0.0,79.0,0.0,1.0,0.0,9215.0,0.0
219,2021-07-21,BC,0.0,0.0,0.0,0.0,0.0,0.0,0.0,0.0,0.0,97.0,0.0,-2.0,4.0,7394.0,0.0
220,2021-07-22,BC,0.0,0.0,0.0,0.0,0.0,0.0,0.0,0.0,0.0,113.0,0.0,5.0,-1.0,8174.0,0.0
221,2021-07-23,BC,0.0,0.0,0.0,0.0,0.0,0.0,0.0,0.0,0.0,90.0,4.0,-7.0,2.0,7829.0,4.0
222,2021-07-24,BC,34728.0,393385.0,0.0,0.0,428113.0,0.7,7.6,0.0,0.0,88.0,0.0,0.0,0.0,7123.0,0.0
223,2021-07-25,BC,0.0,0.0,0.0,0.0,0.0,0.0,0.0,0.0,0.0,96.0,0.0,0.0,0.0,5428.0,0.0
224,2021-07-26,BC,0.0,0.0,0.0,0.0,0.0,0.0,0.0,0.0,0.0,134.0,1.0,-3.0,0.0,5722.0,1.0
225,2021-07-27,BC,0.0,0.0,0.0,0.0,0.0,0.0,0.0,0.0,0.0,196.0,0.0,1.0,5.0,8912.0,0.0
226,2021-07-28,BC,0.0,0.0,0.0,0.0,0.0,0.0,0.0,0.0,0.0,203.0,3.0,3.0,-2.0,7877.0,3.0
227,2021-07-29,BC,0.0,0.0,0.0,0.0,0.0,0.0,0.0,0.0,0.0,240.0,0.0,4.0,0.0,9455.0,0.0
228,2021-07-30,BC,0.0,0.0,0.0,0.0,0.0,0.0,0.0,0.0,0.0,177.0,0.0,-4.0,-4.0,9491.0,0.0
229,2021-07-31,BC,33672.0,260627.0,0.0,0.0,294299.0,0.7,5.0,0.0,0.0,206.0,0.0,0.0,0.0,8594.0,0.0
230,2021-08-01,BC,0.0,0.0,0.0,0.0,0.0,0.0,0.0,0.0,0.0,195.0,0.0,0.0,0.0,6913.0,0.0
231,2021-08-02,BC,0.0,0.0,0.0,0.0,0.0,0.0,0.0,0.0,0.0,213.0,0.0,0.0,0.0,7390.0,0.0
232,2021-08-03,BC,0.0,0.0,0.0,0.0,0.0,0.0,0.0,0.0,0.0,290.0,1.0,6.0,3.0,8082.0,1.0
233,2021-08-04,BC,0.0,0.0,0.0,0.0,0.0,0.0,0.0,0.0,0.0,368.0,0.0,2.0,4.0,10336.0,0.0
234,2021-08-05,BC,0.0,0.0,0.0,0.0,0.0,0.0,0.0,0.0,0.0,477.0,0.0,3.0,-2.0,11992.0,0.0
235,2021-08-06,BC,0.0,0.0,0.0,0.0,0.0,0.0,0.0,0.0,0.0,432.0,0.0,-6.0,3.0,11189.0,0.0
236,2021-08-07,BC,30349.0,153422.0,0.0,0.0,183771.0,0.5,2.9,0.0,0.0,393.0,0.0,0.0,0.0,11135.0,0.0
237,2021-08-08,BC,0.0,0.0,0.0,0.0,0.0,0.0,0.0,0.0,0.0,304.0,0.0,0.0,0.0,6947.0,0.0
238,2021-08-09,BC,0.0,0.0,0.0,0.0,0.0,0.0,0.0,0.0,0.0,364.0,5.0,16.0,-4.0,8437.0,5.0
239,2021-08-10,BC,0.0,0.0,0.0,0.0,0.0,0.0,0.0,0.0,0.0,538.0,0.0,3.0,3.0,13486.0,0.0
240,2021-08-11,BC,0.0,0.0,0.0,0.0,0.0,0.0,0.0,0.0,0.0,538.0,1.0,1.0,6.0,12872.0,1.0
241,2021-08-12,BC,0.0,0.0,0.0,0.0,0.0,0.0,0.0,0.0,0.0,709.0,1.0,9.0,4.0,12120.0,1.0
242,2021-08-13,BC,0.0,0.0,0.0,0.0,0.0,0.0,0.0,0.0,0.0,550.0,0.0,1.0,6.0,10005.0,0.0
243,2021-08-14,BC,28083.0,134199.0,0.0,0.0,162282.0,0.6,2.6,0.0,0.0,427.0,0.0,0.0,0.0,10512.0,0.0
244,2021-08-15,BC,0.0,0.0,0.0,0.0,0.0,0.0,0.0,0.0,0.0,448.0,0.0,0.0,0.0,8793.0,0.0
245,2021-08-16,BC,0.0,0.0,0.0,0.0,0.0,0.0,0.0,0.0,0.0,394.0,1.0,22.0,8.0,10280.0,1.0
246,2021-08-17,BC,0.0,0.0,0.0,0.0,0.0,0.0,0.0,0.0,0.0,618.0,1.0,7.0,4.0,11782.0,1.0
247,2021-08-18,BC,0.0,0.0,0.0,0.0,0.0,0.0,0.0,0.0,0.0,771.0,1.0,-4.0,2.0,12407.0,1.0
248,2021-08-19,BC,0.0,0.0,0.0,0.0,0.0,0.0,0.0,0.0,0.0,665.0,2.0,14.0,3.0,13003.0,2.0
249,2021-08-20,BC,0.0,0.0,0.0,0.0,0.0,0.0,0.0,0.0,0.0,696.0,1.0,8.0,3.0,13074.0,1.0
250,2021-08-21,BC,25697.0,79815.0,0.0,0.0,105512.0,0.5,1.5,0.0,0.0,571.0,0.0,0.0,0.0,11153.0,0.0
251,2021-08-22,BC,0.0,0.0,0.0,0.0,0.0,0.0,0.0,0.0,0.0,469.0,0.0,0.0,0.0,9785.0,0.0
252,2021-08-23,BC,0.0,0.0,0.0,0.0,0.0,0.0,0.0,0.0,0.0,564.0,16.0,4.0,21.0,11034.0,16.0
253,2021-08-24,BC,0.0,0.0,0.0,0.0,0.0,0.0,0.0,0.0,0.0,709.0,0.0,5.0,-2.0,13971.0,0.0
254,2021-08-25,BC,0.0,0.0,0.0,0.0,0.0,0.0,0.0,0.0,0.0,720.0,1.0,1.0,-3.0,14770.0,1.0
255,2021-08-26,BC,0.0,0.0,0.0,0.0,0.0,0.0,0.0,0.0,0.0,887.0,2.0,10.0,8.0,15223.0,2.0
256,2021-08-27,BC,0.0,0.0,0.0,0.0,0.0,0.0,0.0,0.0,0.0,780.0,3.0,10.0,1.0,13163.0,3.0
257,2021-08-28,BC,47317.0,67956.0,0.0,0.0,115273.0,0.9,1.3,0.0,0.0,611.0,0.0,0.0,0.0,13268.0,0.0
258,2021-08-29,BC,0.0,0.0,0.0,0.0,0.0,0.0,0.0,0.0,0.0,509.0,0.0,0.0,0.0,10315.0,0.0
259,2021-08-30,BC,0.0,0.0,0.0,0.0,0.0,0.0,0.0,0.0,0.0,593.0,7.0,17.0,7.0,9281.0,7.0
260,2021-08-31,BC,0.0,0.0,0.0,0.0,0.0,0.0,0.0,0.0,0.0,785.0,2.0,11.0,12.0,13218.0,2.0
261,2021-09-01,BC,0.0,0.0,0.0,0.0,0.0,0.0,0.0,0.0,0.0,822.0,2.0,12.0,9.0,15725.0,2.0
262,2021-09-02,BC,0.0,0.0,0.0,0.0,0.0,0.0,0.0,0.0,0.0,700.0,6.0,0.0,4.0,13356.0,6.0
263,2021-09-03,BC,0.0,0.0,0.0,0.0,0.0,0.0,0.0,0.0,0.0,690.0,3.0,16.0,2.0,12168.0,3.0
264,2021-09-04,BC,36428.0,50218.0,0.0,0.0,86646.0,0.7,1.0,0.0,0.0,662.0,0.0,0.0,0.0,12646.0,0.0
265,2021-09-05,BC,0.0,0.0,0.0,0.0,0.0,0.0,0.0,0.0,0.0,578.0,0.0,0.0,0.0,10487.0,0.0
266,2021-09-06,BC,0.0,0.0,0.0,0.0,0.0,0.0,0.0,0.0,0.0,545.0,0.0,0.0,0.0,9011.0,0.0
267,2021-09-07,BC,0.0,0.0,0.0,0.0,0.0,0.0,0.0,0.0,0.0,695.0,15.0,40.0,8.0,9415.0,15.0
268,2021-09-08,BC,0.0,0.0,0.0,0.0,0.0,0.0,0.0,0.0,0.0,815.0,0.0,6.0,3.0,13318.0,0.0
269,2021-09-09,BC,0.0,0.0,0.0,0.0,0.0,0.0,0.0,0.0,0.0,840.0,5.0,1.0,1.0,14867.0,5.0
270,2021-09-10,BC,0.0,0.0,0.0,0.0,0.0,0.0,0.0,0.0,0.0,859.0,9.0,19.0,5.0,13794.0,9.0
271,2021-09-11,BC,36447.0,40003.0,0.0,0.0,76450.0,0.7,0.7,0.0,0.0,663.0,0.0,0.0,0.0,11852.0,0.0
272,2021-09-12,BC,0.0,0.0,0.0,0.0,0.0,0.0,0.0,0.0,0.0,534.0,0.0,0.0,0.0,9566.0,0.0
273,2021-09-13,BC,0.0,0.0,0.0,0.0,0.0,0.0,0.0,0.0,0.0,567.0,9.0,-3.0,4.0,10244.0,9.0
274,2021-09-14,BC,0.0,0.0,0.0,0.0,0.0,0.0,0.0,0.0,0.0,672.0,1.0,10.0,1.0,13249.0,1.0
275,2021-09-15,BC,0.0,0.0,0.0,0.0,0.0,0.0,0.0,0.0,0.0,731.0,7.0,0.0,-3.0,14178.0,7.0
276,2021-09-16,BC,0.0,0.0,0.0,0.0,0.0,0.0,0.0,0.0,0.0,765.0,4.0,3.0,-3.0,13614.0,4.0
277,2021-09-17,BC,0.0,0.0,0.0,0.0,0.0,0.0,0.0,0.0,0.0,673.0,11.0,7.0,1.0,12685.0,11.0
278,2021-09-18,BC,45397.0,46882.0,0.0,0.0,92279.0,0.8,0.9,0.0,0.0,618.0,0.0,0.0,0.0,12632.0,0.0
279,2021-09-19,BC,0.0,0.0,0.0,0.0,0.0,0.0,0.0,0.0,0.0,444.0,0.0,0.0,0.0,9667.0,0.0
280,2021-09-20,BC,0.0,0.0,0.0,0.0,0.0,0.0,0.0,0.0,0.0,541.0,11.0,9.0,21.0,10224.0,11.0
281,2021-09-21,BC,0.0,0.0,0.0,0.0,0.0,0.0,0.0,0.0,0.0,687.0,1.0,25.0,-1.0,15846.0,1.0
282,2021-09-22,BC,0.0,0.0,0.0,0.0,0.0,0.0,0.0,0.0,0.0,844.0,10.0,-8.0,2.0,17965.0,10.0
283,2021-09-23,BC,0.0,0.0,0.0,0.0,0.0,0.0,0.0,0.0,0.0,755.0,5.0,6.0,-9.0,16338.0,5.0
284,2021-09-24,BC,0.0,0.0,0.0,0.0,0.0,0.0,0.0,0.0,0.0,854.0,7.0,-11.0,1.0,15807.0,7.0
285,2021-09-25,BC,39809.0,50705.0,0.0,0.0,90514.0,0.8,1.0,0.0,0.0,692.0,0.0,0.0,0.0,13541.0,0.0
286,2021-09-26,BC,0.0,0.0,0.0,0.0,0.0,0.0,0.0,0.0,0.0,724.0,0.0,0.0,0.0,13234.0,0.0
287,2021-09-27,BC,0.0,0.0,0.0,0.0,0.0,0.0,0.0,0.0,0.0,595.0,18.0,-16.0,-8.0,11518.0,18.0
288,2021-09-28,BC,0.0,0.0,0.0,0.0,0.0,0.0,0.0,0.0,0.0,810.0,2.0,13.0,0.0,16525.0,2.0
289,2021-09-29,BC,0.0,0.0,0.0,0.0,0.0,0.0,0.0,0.0,0.0,787.0,11.0,24.0,1.0,17026.0,11.0
290,2021-09-30,BC,0.0,0.0,0.0,0.0,0.0,0.0,0.0,0.0,0.0,759.0,0.0,0.0,3.0,16677.0,0.0
291,2021-10-01,BC,0.0,0.0,0.0,0.0,0.0,0.0,0.0,0.0,0.0,639.0,20.0,-12.0,-7.0,13510.0,20.0
292,2021-10-02,BC,23951.0,51465.0,0.0,0.0,75416.0,0.5,1.0,0.0,0.0,695.0,0.0,0.0,0.0,15706.0,0.0
293,2021-10-03,BC,0.0,0.0,0.0,0.0,0.0,0.0,0.0,0.0,0.0,687.0,0.0,0.0,0.0,12873.0,0.0
294,2021-10-04,BC,0.0,0.0,0.0,0.0,0.0,0.0,0.0,0.0,0.0,510.0,10.0,-2.0,4.0,11218.0,10.0
295,2021-10-05,BC,0.0,0.0,0.0,0.0,0.0,0.0,0.0,0.0,0.0,759.0,0.0,19.0,2.0,15885.0,0.0
296,2021-10-06,BC,0.0,0.0,0.0,0.0,0.0,0.0,0.0,0.0,0.0,616.0,9.0,5.0,-8.0,16714.0,9.0
297,2021-10-07,BC,0.0,0.0,0.0,0.0,0.0,0.0,0.0,0.0,0.0,768.0,4.0,23.0,-4.0,16522.0,4.0
298,2021-10-08,BC,0.0,0.0,0.0,0.0,0.0,0.0,0.0,0.0,0.0,614.0,5.0,-13.0,5.0,14660.0,5.0
299,2021-10-09,BC,25867.0,43143.0,0.0,0.0,69010.0,0.5,0.8,0.0,0.0,672.0,0.0,0.0,0.0,13961.0,0.0
300,2021-10-10,BC,0.0,0.0,0.0,0.0,0.0,0.0,0.0,0.0,0.0,482.0,0.0,0.0,0.0,11514.0,0.0
301,2021-10-11,BC,0.0,0.0,0.0,0.0,0.0,0.0,0.0,0.0,0.0,407.0,0.0,0.0,0.0,9553.0,0.0
302,2021-10-12,BC,0.0,0.0,0.0,0.0,0.0,0.0,0.0,0.0,0.0,496.0,28.0,-3.0,16.0,11125.0,28.0
303,2021-10-13,BC,0.0,0.0,0.0,0.0,0.0,0.0,0.0,0.0,0.0,584.0,4.0,17.0,0.0,14581.0,4.0
304,2021-10-14,BC,0.0,0.0,0.0,0.0,0.0,0.0,0.0,0.0,0.0,691.0,9.0,4.0,0.0,16890.0,9.0
305,2021-10-15,BC,0.0,0.0,0.0,0.0,0.0,0.0,0.0,0.0,0.0,756.0,13.0,-11.0,-1.0,16041.0,13.0
306,2021-10-16,BC,18356.0,39448.0,0.0,0.0,57804.0,0.3,0.8,0.0,0.0,672.0,0.0,0.0,0.0,13733.0,0.0
307,2021-10-17,BC,0.0,0.0,0.0,0.0,0.0,0.0,0.0,0.0,0.0,462.0,0.0,0.0,0.0,11400.0,0.0
308,2021-10-18,BC,0.0,0.0,0.0,0.0,0.0,0.0,0.0,0.0,0.0,487.0,26.0,-7.0,-1.0,11532.0,26.0
309,2021-10-19,BC,0.0,0.0,0.0,0.0,0.0,0.0,0.0,0.0,0.0,703.0,5.0,22.0,-5.0,15259.0,5.0
310,2021-10-20,BC,0.0,0.0,0.0,0.0,0.0,0.0,0.0,0.0,0.0,730.0,6.0,-12.0,-7.0,15277.0,6.0
311,2021-10-21,BC,0.0,0.0,0.0,0.0,0.0,0.0,0.0,0.0,0.0,669.0,4.0,7.0,-3.0,14635.0,4.0
312,2021-10-22,BC,0.0,0.0,0.0,0.0,0.0,0.0,0.0,0.0,0.0,603.0,13.0,-12.0,7.0,13467.0,13.0
313,2021-10-23,BC,19415.0,45787.0,0.0,0.0,65202.0,0.4,0.9,0.0,0.0,550.0,0.0,0.0,0.0,12512.0,0.0
314,2021-10-24,BC,0.0,0.0,0.0,0.0,0.0,0.0,0.0,0.0,0.0,486.0,0.0,0.0,0.0,9968.0,0.0
315,2021-10-25,BC,0.0,0.0,0.0,0.0,0.0,0.0,0.0,0.0,0.0,417.0,20.0,1.0,6.0,10844.0,20.0
316,2021-10-26,BC,0.0,0.0,0.0,0.0,0.0,0.0,0.0,0.0,0.0,633.0,2.0,24.0,6.0,14735.0,2.0
317,2021-10-27,BC,0.0,0.0,0.0,0.0,0.0,0.0,0.0,0.0,0.0,757.0,6.0,32.0,2.0,14747.0,6.0
318,2021-10-28,BC,0.0,0.0,0.0,0.0,0.0,0.0,0.0,0.0,0.0,573.0,10.0,12.0,-2.0,14199.0,10.0
319,2021-10-29,BC,0.0,0.0,0.0,0.0,0.0,0.0,0.0,0.0,0.0,579.0,9.0,2.0,1.0,13513.0,9.0
320,2021-10-30,BC,16154.0,42795.0,0.0,0.0,58949.0,0.3,0.8,0.0,0.0,486.0,0.0,0.0,0.0,12291.0,0.0
321,2021-10-31,BC,0.0,0.0,0.0,0.0,0.0,0.0,0.0,0.0,0.0,341.0,0.0,0.0,0.0,9520.0,0.0
322,2021-11-01,BC,0.0,0.0,0.0,0.0,0.0,0.0,0.0,0.0,0.0,381.0,25.0,0.0,-16.0,10587.0,25.0
323,2021-11-02,BC,0.0,0.0,0.0,0.0,0.0,0.0,0.0,0.0,0.0,443.0,5.0,9.0,-3.0,13772.0,5.0
324,2021-11-03,BC,0.0,0.0,0.0,0.0,0.0,0.0,0.0,0.0,0.0,597.0,6.0,0.0,0.0,14869.0,6.0
325,2021-11-04,BC,0.0,0.0,0.0,0.0,0.0,0.0,0.0,0.0,0.0,543.0,8.0,-7.0,-7.0,15428.0,8.0
326,2021-11-05,BC,0.0,0.0,0.0,0.0,0.0,0.0,0.0,0.0,0.0,600.0,1.0,3.0,-1.0,13513.0,1.0
327,2021-11-06,BC,13855.0,31777.0,0.0,0.0,45632.0,0.3,0.6,0.0,0.0,495.0,0.0,0.0,0.0,12854.0,0.0
328,2021-11-07,BC,0.0,0.0,0.0,0.0,0.0,0.0,0.0,0.0,0.0,441.0,0.0,0.0,0.0,11415.0,0.0
329,2021-11-08,BC,0.0,0.0,0.0,0.0,0.0,0.0,0.0,0.0,0.0,383.0,17.0,-34.0,-8.0,10129.0,17.0
330,2021-11-09,BC,0.0,0.0,0.0,0.0,0.0,0.0,0.0,0.0,0.0,566.0,5.0,19.0,3.0,15230.0,5.0
331,2021-11-10,BC,0.0,0.0,0.0,0.0,0.0,0.0,0.0,0.0,0.0,511.0,11.0,-47.0,-7.0,14249.0,11.0
332,2021-11-11,BC,0.0,0.0,0.0,0.0,0.0,0.0,0.0,0.0,0.0,492.0,0.0,0.0,0.0,13329.0,0.0
333,2021-11-12,BC,0.0,0.0,0.0,0.0,0.0,0.0,0.0,0.0,0.0,470.0,23.0,5.0,7.0,10766.0,23.0
334,2021-11-13,BC,11285.0,24189.0,0.0,0.0,35474.0,0.2,0.5,0.0,0.0,411.0,0.0,0.0,0.0,12597.0,0.0
335,2021-11-14,BC,0.0,0.0,0.0,0.0,0.0,0.0,0.0,0.0,0.0,394.0,0.0,0.0,0.0,10322.0,0.0
336,2021-11-15,BC,0.0,0.0,0.0,0.0,0.0,0.0,0.0,0.0,0.0,292.0,16.0,-8.0,-8.0,9631.0,16.0
337,2021-11-16,BC,0.0,0.0,0.0,0.0,0.0,0.0,0.0,0.0,0.0,336.0,1.0,0.0,-9.0,11826.0,1.0
338,2021-11-17,BC,0.0,0.0,0.0,0.0,0.0,0.0,0.0,0.0,0.0,468.0,7.0,3.0,2.0,14062.0,7.0
339,2021-11-18,BC,0.0,0.0,0.0,0.0,0.0,0.0,0.0,0.0,0.0,490.0,9.0,-24.0,1.0,14603.0,9.0
340,2021-11-19,BC,0.0,0.0,0.0,0.0,0.0,0.0,0.0,0.0,0.0,398.0,3.0,3.0,-1.0,11271.0,3.0
341,2021-11-20,BC,9651.0,21369.0,0.0,0.0,31020.0,0.2,0.4,0.0,0.0,353.0,0.0,0.0,0.0,11723.0,0.0
342,2021-11-21,BC,0.0,0.0,0.0,0.0,0.0,0.0,0.0,0.0,0.0,339.0,0.0,0.0,0.0,9443.0,0.0
343,2021-11-22,BC,0.0,0.0,0.0,0.0,0.0,0.0,0.0,0.0,0.0,287.0,10.0,-21.0,6.0,9636.0,10.0
344,2021-11-23,BC,0.0,0.0,0.0,0.0,0.0,0.0,0.0,0.0,0.0,339.0,1.0,8.0,0.0,12757.0,1.0
345,2021-11-24,BC,0.0,0.0,0.0,0.0,0.0,0.0,0.0,0.0,0.0,422.0,9.0,-27.0,-6.0,13944.0,9.0
346,2021-11-25,BC,0.0,0.0,0.0,0.0,0.0,0.0,0.0,0.0,0.0,337.0,3.0,-23.0,3.0,12823.0,3.0
347,2021-11-26,BC,0.0,0.0,0.0,0.0,0.0,0.0,0.0,0.0,0.0,399.0,6.0,-4.0,3.0,10761.0,6.0
348,2021-11-27,BC,9008.0,19355.0,0.0,0.0,28363.0,0.1,0.3,0.0,0.0,318.0,0.0,0.0,0.0,11899.0,0.0
349,2021-11-28,BC,0.0,0.0,0.0,0.0,0.0,0.0,0.0,0.0,0.0,287.0,0.0,0.0,0.0,8657.0,0.0
350,2021-11-29,BC,0.0,0.0,0.0,0.0,0.0,0.0,0.0,0.0,0.0,328.0,11.0,12.0,0.0,10228.0,11.0
351,2021-11-30,BC,0.0,0.0,0.0,0.0,0.0,0.0,0.0,0.0,0.0,387.0,0.0,-3.0,-11.0,13867.0,0.0
352,2021-12-01,BC,0.0,0.0,0.0,0.0,0.0,0.0,0.0,0.0,0.0,368.0,7.0,1.0,-6.0,12804.0,7.0
353,2021-12-02,BC,0.0,0.0,0.0,0.0,0.0,0.0,0.0,0.0,0.0,404.0,5.0,-17.0,-1.0,13909.0,5.0
354,2021-12-03,BC,0.0,0.0,0.0,0.0,0.0,0.0,0.0,0.0,0.0,361.0,6.0,-8.0,-2.0,12056.0,6.0
355,2021-12-04,BC,37064.0,16943.0,0.0,0.0,54007.0,0.7,0.4,0.0,0.0,324.0,0.0,0.0,0.0,12052.0,0.0
356,2021-12-05,BC,0.0,0.0,0.0,0.0,0.0,0.0,0.0,0.0,0.0,302.0,0.0,0.0,0.0,9398.0,0.0
357,2021-12-06,BC,0.0,0.0,0.0,0.0,0.0,0.0,0.0,0.0,0.0,280.0,11.0,-35.0,-6.0,10338.0,11.0
358,2021-12-07,BC,0.0,0.0,0.0,0.0,0.0,0.0,0.0,0.0,0.0,375.0,1.0,1.0,-7.0,13761.0,1.0
359,2021-12-08,BC,0.0,0.0,0.0,0.0,0.0,0.0,0.0,0.0,0.0,341.0,6.0,-18.0,-5.0,13846.0,6.0
360,2021-12-09,BC,0.0,0.0,0.0,0.0,0.0,0.0,0.0,0.0,0.0,457.0,9.0,-4.0,-4.0,14535.0,9.0
361,2021-12-10,BC,0.0,0.0,0.0,0.0,0.0,0.0,0.0,0.0,0.0,461.0,3.0,-9.0,-1.0,12680.0,3.0
362,2021-12-11,BC,49089.0,9563.0,0.0,0.0,58652.0,1.0,0.2,0.0,0.0,383.0,0.0,0.0,0.0,12412.0,0.0
363,2021-12-12,BC,0.0,0.0,0.0,0.0,0.0,0.0,0.0,0.0,0.0,361.0,0.0,0.0,0.0,10069.0,0.0
364,2021-12-13,BC,0.0,0.0,0.0,0.0,0.0,0.0,0.0,0.0,0.0,420.0,5.0,-26.0,0.0,12203.0,5.0
365,2021-12-14,BC,0.0,0.0,0.0,0.0,0.0,0.0,0.0,0.0,0.0,597.0,0.0,6.0,9.0,14768.0,0.0
366,2021-12-15,BC,0.0,0.0,0.0,0.0,0.0,0.0,0.0,0.0,0.0,756.0,7.0,2.0,-4.0,17195.0,7.0
367,2021-12-16,BC,0.0,0.0,0.0,0.0,0.0,0.0,0.0,0.0,0.0,800.0,3.0,-9.0,-7.0,16707.0,3.0
368,2021-12-17,BC,0.0,0.0,0.0,0.0,0.0,0.0,0.0,0.0,0.0,932.0,3.0,7.0,4.0,16702.0,3.0
369,2021-12-18,BC,40507.0,15261.0,0.0,0.0,55768.0,0.8,0.2,0.0,0.0,873.0,0.0,0.0,0.0,14696.0,0.0
370,2021-12-19,BC,0.0,0.0,0.0,0.0,0.0,0.0,0.0,0.0,0.0,855.0,0.0,0.0,0.0,13602.0,0.0
371,2021-12-20,BC,0.0,0.0,0.0,0.0,0.0,0.0,0.0,0.0,0.0,1237.0,3.0,-6.0,3.0,14940.0,3.0
372,2021-12-21,BC,0.0,0.0,0.0,0.0,0.0,0.0,0.0,0.0,0.0,1553.0,1.0,7.0,-1.0,16259.0,1.0
373,2021-12-22,BC,0.0,0.0,0.0,0.0,0.0,0.0,0.0,0.0,0.0,2033.0,6.0,-5.0,-5.0,20133.0,6.0
374,2021-12-23,BC,0.0,0.0,0.0,0.0,0.0,0.0,0.0,0.0,0.0,2502.0,1.0,8.0,4.0,21123.0,1.0
375,2021-12-24,BC,0.0,0.0,0.0,0.0,0.0,0.0,0.0,0.0,0.0,2571.0,4.0,-3.0,-4.0,19681.0,4.0
376,2021-12-25,BC,36877.0,2892.0,720329.0,0.0,760098.0,0.7,0.1,13.8,0.0,2092.0,0.0,0.0,0.0,15550.0,0.0
377,2021-12-26,BC,0.0,0.0,0.0,0.0,0.0,0.0,0.0,0.0,0.0,1781.0,0.0,0.0,0.0,11853.0,0.0
378,2021-12-27,BC,0.0,0.0,0.0,0.0,0.0,0.0,0.0,0.0,0.0,1900.0,0.0,0.0,0.0,11091.0,0.0
379,2021-12-28,BC,0.0,0.0,0.0,0.0,0.0,0.0,0.0,0.0,0.0,3085.0,0.0,0.0,0.0,15562.0,0.0
380,2021-12-29,BC,0.0,0.0,0.0,0.0,0.0,0.0,0.0,0.0,0.0,3991.0,5.0,14.0,-5.0,17766.0,5.0
381,2021-12-30,BC,0.0,0.0,0.0,0.0,0.0,0.0,0.0,0.0,0.0,3821.0,1.0,5.0,0.0,15280.0,1.0
382,2021-12-31,BC,0.0,0.0,0.0,0.0,0.0,0.0,0.0,0.0,0.0,4082.0,3.0,9.0,7.0,17629.0,3.0
383,2022-01-01,BC,17129.0,8408.0,117244.0,0.0,142781.0,0.3,0.2,2.3,0.0,3213.0,0.0,0.0,0.0,15469.0,0.0
384,2022-01-02,BC,0.0,0.0,0.0,0.0,0.0,0.0,0.0,0.0,0.0,2331.0,0.0,0.0,0.0,11595.0,0.0
385,2022-01-03,BC,0.0,0.0,0.0,0.0,0.0,0.0,0.0,0.0,0.0,2678.0,0.0,0.0,0.0,12876.0,0.0
386,2022-01-04,BC,0.0,0.0,0.0,0.0,0.0,0.0,0.0,0.0,0.0,3310.0,4.0,78.0,13.0,15039.0,4.0
387,2022-01-05,BC,0.0,0.0,0.0,0.0,0.0,0.0,0.0,0.0,0.0,3328.0,0.0,19.0,-3.0,14484.0,0.0
388,2022-01-06,BC,0.0,0.0,0.0,0.0,0.0,0.0,0.0,0.0,0.0,3118.0,3.0,7.0,7.0,15171.0,3.0
389,2022-01-07,BC,0.0,0.0,0.0,0.0,0.0,0.0,0.0,0.0,0.0,2605.0,9.0,25.0,3.0,13955.0,9.0
390,2022-01-08,BC,25029.0,10120.0,256059.0,0.0,291208.0,-1.2,-1.4,4.5,0.0,2428.0,0.0,0.0,0.0,13056.0,0.0
391,2022-01-09,BC,0.0,0.0,0.0,0.0,0.0,0.0,0.0,0.0,0.0,2155.0,0.0,0.0,0.0,11476.0,0.0
392,2022-01-10,BC,0.0,0.0,0.0,0.0,0.0,0.0,0.0,0.0,0.0,2018.0,7.0,82.0,2.0,12308.0,7.0
393,2022-01-11,BC,0.0,0.0,0.0,0.0,0.0,0.0,0.0,0.0,0.0,2698.0,3.0,38.0,2.0,14787.0,3.0
394,2022-01-12,BC,0.0,0.0,0.0,0.0,0.0,0.0,0.0,0.0,0.0,2574.0,6.0,31.0,5.0,14717.0,6.0
395,2022-01-13,BC,0.0,0.0,0.0,0.0,0.0,0.0,0.0,0.0,0.0,2251.0,7.0,34.0,0.0,13688.0,7.0
396,2022-01-14,BC,0.0,0.0,0.0,0.0,0.0,0.0,0.0,0.0,0.0,2433.0,6.0,112.0,-7.0,13515.0,6.0
397,2022-01-15,BC,23857.0,12722.0,344254.0,0.0,380833.0,0.5,0.2,6.4,0.0,1855.0,0.0,0.0,0.0,12421.0,0.0
398,2022-01-16,BC,0.0,0.0,0.0,0.0,0.0,0.0,0.0,0.0,0.0,1553.0,0.0,0.0,0.0,9755.0,0.0
399,2022-01-17,BC,0.0,0.0,0.0,0.0,0.0,0.0,0.0,0.0,0.0,1783.0,22.0,173.0,4.0,10349.0,22.0
400,2022-01-18,BC,0.0,0.0,0.0,0.0,0.0,0.0,0.0,0.0,0.0,2488.0,2.0,35.0,13.0,12135.0,2.0
401,2022-01-19,BC,0.0,0.0,0.0,0.0,0.0,0.0,0.0,0.0,0.0,2158.0,13.0,41.0,3.0,12155.0,13.0
402,2022-01-20,BC,0.0,0.0,0.0,0.0,0.0,0.0,0.0,0.0,0.0,2350.0,15.0,-4.0,0.0,11967.0,15.0
403,2022-01-21,BC,0.0,0.0,0.0,0.0,0.0,0.0,0.0,0.0,0.0,2159.0,9.0,33.0,15.0,11869.0,9.0
404,2022-01-22,BC,18737.0,11543.0,328559.0,0.0,358839.0,0.3,0.3,6.2,0.0,1589.0,0.0,0.0,0.0,10079.0,0.0
405,2022-01-23,BC,0.0,0.0,0.0,0.0,0.0,0.0,0.0,0.0,0.0,1426.0,0.0,0.0,0.0,8514.0,0.0
406,2022-01-24,BC,0.0,0.0,0.0,0.0,0.0,0.0,0.0,0.0,0.0,1368.0,24.0,63.0,-1.0,8036.0,24.0
407,2022-01-25,BC,0.0,0.0,0.0,0.0,0.0,0.0,0.0,0.0,0.0,1963.0,1.0,-57.0,15.0,10940.0,1.0
408,2022-01-26,BC,0.0,0.0,0.0,0.0,0.0,0.0,0.0,0.0,0.0,1841.0,21.0,19.0,-8.0,11162.0,21.0
409,2022-01-27,BC,0.0,0.0,0.0,0.0,0.0,0.0,0.0,0.0,0.0,2004.0,13.0,28.0,5.0,10261.0,13.0
410,2022-01-28,BC,0.0,0.0,0.0,0.0,0.0,0.0,0.0,0.0,0.0,1680.0,9.0,13.0,0.0,9979.0,9.0
411,2022-01-29,BC,0.0,0.0,0.0,0.0,0.0,0.0,0.0,0.0,0.0,1326.0,0.0,0.0,0.0,9027.0,0.0
412,2022-01-30,BC,14077.0,19166.0,248426.0,0.0,281669.0,0.3,0.3,4.7,0.0,1099.0,0.0,0.0,0.0,7497.0,0.0
413,2022-01-31,BC,0.0,0.0,0.0,0.0,0.0,0.0,0.0,0.0,0.0,1130.0,19.0,58.0,-3.0,8803.0,19.0
414,2022-02-01,BC,0.0,0.0,0.0,0.0,0.0,0.0,0.0,0.0,0.0,1772.0,9.0,-42.0,1.0,10097.0,9.0
415,2022-02-02,BC,0.0,0.0,0.0,0.0,0.0,0.0,0.0,0.0,0.0,1553.0,18.0,-18.0,-3.0,8749.0,18.0
416,2022-02-03,BC,0.0,0.0,0.0,0.0,0.0,0.0,0.0,0.0,0.0,1495.0,13.0,-3.0,9.0,10349.0,13.0
417,2022-02-04,BC,0.0,0.0,0.0,0.0,0.0,0.0,0.0,0.0,0.0,1321.0,19.0,-39.0,-6.0,9272.0,19.0
418,2022-02-05,BC,0.0,0.0,0.0,0.0,0.0,0.0,0.0,0.0,0.0,1191.0,0.0,0.0,0.0,8871.0,0.0
419,2022-02-06,BC,11042.0,29101.0,178697.0,0.0,218840.0,0.2,0.6,3.3,0.0,881.0,0.0,0.0,0.0,7472.0,0.0
420,2022-02-07,BC,0.0,0.0,0.0,0.0,0.0,0.0,0.0,0.0,0.0,882.0,32.0,41.0,2.0,7128.0,32.0
421,2022-02-08,BC,0.0,0.0,0.0,0.0,0.0,0.0,0.0,0.0,0.0,1249.0,0.0,-1.0,5.0,9275.0,0.0
422,2022-02-09,BC,0.0,0.0,0.0,0.0,0.0,0.0,0.0,0.0,0.0,1341.0,18.0,-93.0,-3.0,9863.0,18.0
423,2022-02-10,BC,0.0,0.0,0.0,0.0,0.0,0.0,0.0,0.0,0.0,1022.0,5.0,-26.0,-5.0,9649.0,5.0
424,2022-02-11,BC,0.0,0.0,0.0,0.0,0.0,0.0,0.0,0.0,0.0,925.0,17.0,-21.0,-2.0,8145.0,17.0
425,2022-02-12,BC,0.0,0.0,0.0,0.0,0.0,0.0,0.0,0.0,0.0,709.0,0.0,0.0,0.0,7755.0,0.0
426,2022-02-13,BC,7703.0,31577.0,136152.0,0.0,175432.0,0.1,0.6,2.6,0.0,603.0,0.0,0.0,0.0,6486.0,0.0
427,2022-02-14,BC,0.0,0.0,0.0,0.0,0.0,0.0,0.0,0.0,0.0,680.0,17.0,-43.0,-17.0,6659.0,17.0
428,2022-02-15,BC,0.0,0.0,0.0,0.0,0.0,0.0,0.0,0.0,0.0,722.0,2.0,-16.0,5.0,7562.0,2.0
429,2022-02-16,BC,0.0,0.0,0.0,0.0,0.0,0.0,0.0,0.0,0.0,685.0,11.0,-25.0,-3.0,8377.0,11.0
430,2022-02-17,BC,0.0,0.0,0.0,0.0,0.0,0.0,0.0,0.0,0.0,723.0,4.0,-18.0,-1.0,8072.0,4.0
431,2022-02-18,BC,0.0,0.0,0.0,0.0,0.0,0.0,0.0,0.0,0.0,584.0,5.0,-11.0,-7.0,6655.0,5.0
432,2022-02-19,BC,0.0,0.0,0.0,0.0,0.0,0.0,0.0,0.0,0.0,468.0,0.0,0.0,0.0,7712.0,0.0
433,2022-02-20,BC,14853.0,40509.0,102104.0,0.0,157466.0,0.3,0.7,1.9,0.0,390.0,0.0,0.0,0.0,6161.0,0.0
434,2022-02-21,BC,0.0,0.0,0.0,0.0,0.0,0.0,0.0,0.0,0.0,392.0,0.0,0.0,0.0,6142.0,0.0
435,2022-02-22,BC,0.0,0.0,0.0,0.0,0.0,0.0,0.0,0.0,0.0,537.0,44.0,-45.0,-5.0,6647.0,44.0
436,2022-02-23,BC,0.0,0.0,0.0,0.0,0.0,0.0,0.0,0.0,0.0,627.0,1.0,-35.0,0.0,8898.0,1.0
437,2022-02-24,BC,0.0,0.0,0.0,0.0,0.0,0.0,0.0,0.0,0.0,519.0,9.0,-41.0,-6.0,8275.0,9.0
438,2022-02-25,BC,0.0,0.0,0.0,0.0,0.0,0.0,0.0,0.0,0.0,435.0,11.0,-13.0,-6.0,7630.0,11.0
439,2022-02-26,BC,0.0,0.0,0.0,0.0,0.0,0.0,0.0,0.0,0.0,336.0,0.0,0.0,0.0,6920.0,0.0
440,2022-02-27,BC,3999.0,17869.0,37750.0,0.0,59618.0,0.1,0.4,0.7,0.0,313.0,0.0,0.0,0.0,6093.0,0.0
441,2022-02-28,BC,0.0,0.0,0.0,0.0,0.0,0.0,0.0,0.0,0.0,372.0,22.0,-50.0,-11.0,5831.0,22.0
442,2022-03-01,BC,0.0,0.0,0.0,0.0,0.0,0.0,0.0,0.0,0.0,468.0,0.0,-26.0,-2.0,6928.0,0.0
443,2022-03-02,BC,0.0,0.0,0.0,0.0,0.0,0.0,0.0,0.0,0.0,378.0,10.0,0.0,0.0,7074.0,10.0
444,2022-03-03,BC,0.0,0.0,0.0,0.0,0.0,0.0,0.0,0.0,0.0,336.0,13.0,-12.0,-4.0,6116.0,13.0
445,2022-03-04,BC,0.0,0.0,0.0,0.0,0.0,0.0,0.0,0.0,0.0,335.0,7.0,-27.0,-10.0,5325.0,7.0
446,2022-03-05,BC,0.0,0.0,0.0,0.0,0.0,0.0,0.0,0.0,0.0,288.0,0.0,0.0,0.0,4554.0,0.0
447,2022-03-06,BC,3429.0,11579.0,24257.0,0.0,39265.0,0.1,0.2,0.5,0.0,243.0,0.0,0.0,0.0,3284.0,0.0
448,2022-03-07,BC,0.0,0.0,0.0,0.0,0.0,0.0,0.0,0.0,0.0,278.0,11.0,-35.0,-6.0,4028.0,11.0
449,2022-03-08,BC,0.0,0.0,0.0,0.0,0.0,0.0,0.0,0.0,0.0,287.0,1.0,-30.0,0.0,5604.0,1.0
450,2022-03-09,BC,0.0,0.0,0.0,0.0,0.0,0.0,0.0,0.0,0.0,327.0,14.0,-14.0,-5.0,6214.0,14.0
451,2022-03-10,BC,0.0,0.0,0.0,0.0,0.0,0.0,0.0,0.0,0.0,293.0,3.0,-17.0,-6.0,5821.0,3.0
452,2022-03-11,BC,0.0,0.0,0.0,0.0,0.0,0.0,0.0,0.0,0.0,235.0,3.0,-20.0,-6.0,4348.0,3.0
453,2022-03-12,BC,0.0,0.0,0.0,0.0,0.0,0.0,0.0,0.0,0.0,164.0,0.0,0.0,0.0,4514.0,0.0
454,2022-03-13,BC,3039.0,12742.0,21852.0,0.0,37633.0,0.0,0.2,0.4,0.0,189.0,0.0,0.0,0.0,2458.0,0.0
455,2022-03-14,BC,0.0,0.0,0.0,0.0,0.0,0.0,0.0,0.0,0.0,237.0,11.0,-9.0,5.0,3945.0,11.0
456,2022-03-15,BC,0.0,0.0,0.0,0.0,0.0,0.0,0.0,0.0,0.0,246.0,0.0,-14.0,-1.0,5420.0,0.0
457,2022-03-16,BC,0.0,0.0,0.0,0.0,0.0,0.0,0.0,0.0,0.0,225.0,7.0,-16.0,1.0,5276.0,7.0
458,2022-03-17,BC,0.0,0.0,0.0,0.0,0.0,0.0,0.0,0.0,0.0,217.0,7.0,-31.0,-2.0,4941.0,7.0
459,2022-03-18,BC,0.0,0.0,0.0,0.0,0.0,0.0,0.0,0.0,0.0,200.0,6.0,-8.0,-3.0,4076.0,6.0
460,2022-03-19,BC,0.0,0.0,0.0,0.0,0.0,0.0,0.0,0.0,0.0,182.0,0.0,0.0,0.0,4274.0,0.0
461,2022-03-20,BC,2147.0,12965.0,19860.0,0.0,34972.0,0.1,0.3,0.4,0.0,148.0,0.0,0.0,0.0,2918.0,0.0
462,2022-03-21,BC,0.0,0.0,0.0,0.0,0.0,0.0,0.0,0.0,0.0,242.0,8.0,-19.0,3.0,3552.0,8.0
463,2022-03-22,BC,0.0,0.0,0.0,0.0,0.0,0.0,0.0,0.0,0.0,256.0,0.0,-17.0,-1.0,4641.0,0.0
464,2022-03-23,BC,0.0,0.0,0.0,0.0,0.0,0.0,0.0,0.0,0.0,267.0,1.0,4.0,1.0,4913.0,1.0
465,2022-03-24,BC,0.0,0.0,0.0,0.0,0.0,0.0,0.0,0.0,0.0,221.0,6.0,-3.0,3.0,4752.0,6.0
466,2022-03-25,BC,0.0,0.0,0.0,0.0,0.0,0.0,0.0,0.0,0.0,216.0,2.0,5.0,-2.0,3649.0,2.0
467,2022-03-26,BC,0.0,0.0,0.0,0.0,0.0,0.0,0.0,0.0,0.0,215.0,0.0,0.0,0.0,4146.0,0.0
468,2022-03-27,BC,2621.0,12993.0,16930.0,0.0,32544.0,0.0,0.2,0.3,0.0,171.0,0.0,0.0,0.0,2795.0,0.0
469,2022-03-28,BC,0.0,0.0,0.0,0.0,0.0,0.0,0.0,0.0,0.0,247.0,6.0,28.0,-2.0,3504.0,6.0
470,2022-03-29,BC,0.0,0.0,0.0,0.0,0.0,0.0,0.0,0.0,0.0,296.0,1.0,-15.0,-2.0,5038.0,1.0
471,2022-03-30,BC,0.0,0.0,0.0,0.0,0.0,0.0,0.0,0.0,0.0,258.0,6.0,3.0,-3.0,5225.0,6.0
472,2022-03-31,BC,0.0,0.0,0.0,0.0,0.0,0.0,0.0,0.0,0.0,291.0,2.0,5.0,-1.0,4756.0,2.0
473,2022-04-01,BC,0.0,0.0,0.0,0.0,0.0,0.0,0.0,0.0,0.0,246.0,4.0,-7.0,-7.0,3502.0,4.0
474,2022-04-02,BC,0.0,0.0,0.0,0.0,0.0,0.0,0.0,0.0,0.0,197.0,2.0,0.0,0.0,4216.0,2.0
475,2022-04-03,BC,1518.0,7434.0,14273.0,0.0,23225.0,0.0,0.1,0.3,0.0,246.0,0.0,0.0,0.0,3020.0,0.0
476,2022-04-04,BC,0.0,0.0,0.0,0.0,0.0,0.0,0.0,0.0,0.0,268.0,0.0,47.0,1.0,3218.0,0.0
477,2022-04-05,BC,0.0,0.0,0.0,0.0,0.0,0.0,0.0,0.0,0.0,216.0,0.0,13.0,-1.0,4460.0,0.0
478,2022-04-06,BC,0.0,0.0,0.0,0.0,0.0,0.0,0.0,0.0,0.0,280.0,0.0,-5.0,2.0,4767.0,0.0
479,2022-04-07,BC,0.0,0.0,0.0,0.0,0.0,0.0,0.0,0.0,0.0,264.0,0.0,-5.0,1.0,5501.0,0.0
480,2022-04-08,BC,0.0,0.0,0.0,0.0,0.0,0.0,0.0,0.0,0.0,258.0,0.0,0.0,0.0,4100.0,0.0
481,2022-04-09,BC,0.0,0.0,0.0,0.0,0.0,0.0,0.0,0.0,0.0,239.0,32.0,0.0,0.0,4240.0,32.0
482,2022-04-10,BC,2901.0,6414.0,16762.0,0.0,26077.0,0.1,0.2,0.3,0.0,263.0,0.0,0.0,0.0,3046.0,0.0
483,2022-04-11,BC,0.0,0.0,0.0,0.0,0.0,0.0,0.0,0.0,0.0,250.0,0.0,0.0,0.0,3022.0,0.0
484,2022-04-12,BC,0.0,0.0,0.0,0.0,0.0,0.0,0.0,0.0,0.0,341.0,0.0,0.0,0.0,4501.0,0.0
485,2022-04-13,BC,0.0,0.0,0.0,0.0,0.0,0.0,0.0,0.0,0.0,307.0,0.0,0.0,0.0,4807.0,0.0
486,2022-04-14,BC,0.0,0.0,0.0,0.0,0.0,0.0,0.0,0.0,0.0,330.0,0.0,0.0,0.0,4493.0,0.0
487,2022-04-15,BC,0.0,0.0,0.0,0.0,0.0,0.0,0.0,0.0,0.0,283.0,0.0,0.0,0.0,3939.0,0.0
488,2022-04-16,BC,0.0,0.0,0.0,0.0,0.0,0.0,0.0,0.0,0.0,262.0,41.0,0.0,0.0,2654.0,41.0
489,2022-04-17,BC,0.0,0.0,0.0,0.0,0.0,0.0,0.0,0.0,0.0,240.0,0.0,0.0,0.0,2785.0,0.0
490,2022-04-18,BC,0.0,0.0,0.0,0.0,0.0,0.0,0.0,0.0,0.0,265.0,0.0,0.0,0.0,2937.0,0.0
491,2022-04-19,BC,0.0,0.0,0.0,0.0,0.0,0.0,0.0,0.0,0.0,410.0,0.0,0.0,0.0,4111.0,0.0
492,2022-04-20,BC,0.0,0.0,0.0,0.0,0.0,0.0,0.0,0.0,0.0,371.0,0.0,0.0,0.0,4311.0,0.0
493,2022-04-21,BC,0.0,0.0,0.0,0.0,0.0,0.0,0.0,0.0,0.0,380.0,0.0,161.0,0.0,4722.0,0.0
494,2022-04-22,BC,0.0,0.0,0.0,0.0,0.0,0.0,0.0,0.0,0.0,364.0,0.0,0.0,0.0,4090.0,0.0
495,2022-04-23,BC,0.0,0.0,0.0,0.0,0.0,0.0,0.0,0.0,0.0,239.0,70.0,0.0,0.0,3171.0,70.0
496,2022-04-24,BC,4361.0,9235.0,41808.0,0.0,55404.0,0.1,0.1,0.8,0.0,248.0,0.0,0.0,0.0,2749.0,0.0
497,2022-04-25,BC,0.0,0.0,0.0,0.0,0.0,0.0,0.0,0.0,0.0,382.0,0.0,0.0,0.0,3462.0,0.0
498,2022-04-26,BC,0.0,0.0,0.0,0.0,0.0,0.0,0.0,0.0,0.0,420.0,0.0,0.0,0.0,4404.0,0.0
499,2022-04-27,BC,0.0,0.0,0.0,0.0,0.0,0.0,0.0,0.0,0.0,354.0,0.0,0.0,0.0,4598.0,0.0
500,2022-04-28,BC,0.0,0.0,0.0,0.0,0.0,0.0,0.0,0.0,0.0,363.0,0.0,34.0,9.0,4365.0,0.0
501,2022-04-29,BC,0.0,0.0,0.0,0.0,0.0,0.0,0.0,0.0,0.0,264.0,0.0,0.0,0.0,3818.0,0.0
502,2022-04-30,BC,0.0,0.0,0.0,0.0,0.0,0.0,0.0,0.0,0.0,253.0,79.0,0.0,0.0,3430.0,79.0
503,2022-05-01,BC,0.0,0.0,0.0,0.0,0.0,0.0,0.0,0.0,0.0,241.0,0.0,0.0,0.0,3035.0,0.0
504,2022-05-02,BC,0.0,0.0,0.0,0.0,0.0,0.0,0.0,0.0,0.0,294.0,0.0,0.0,0.0,3257.0,0.0
505,2022-05-03,BC,0.0,0.0,0.0,0.0,0.0,0.0,0.0,0.0,0.0,310.0,0.0,0.0,0.0,3816.0,0.0
506,2022-05-04,BC,0.0,0.0,0.0,0.0,0.0,0.0,0.0,0.0,0.0,314.0,0.0,0.0,0.0,3972.0,0.0
507,2022-05-05,BC,0.0,0.0,0.0,0.0,0.0,0.0,0.0,0.0,0.0,321.0,0.0,31.0,-8.0,4518.0,0.0
508,2022-05-06,BC,0.0,0.0,0.0,0.0,0.0,0.0,0.0,0.0,0.0,286.0,0.0,0.0,0.0,3887.0,0.0
509,2022-05-07,BC,0.0,0.0,0.0,0.0,0.0,0.0,0.0,0.0,0.0,218.0,81.0,0.0,0.0,2875.0,81.0
510,2022-05-08,BC,-207.0,4451.0,34933.0,0.0,39177.0,0.0,0.1,0.6,0.0,179.0,0.0,0.0,0.0,2661.0,0.0
511,2022-05-09,BC,0.0,0.0,0.0,0.0,0.0,0.0,0.0,0.0,0.0,251.0,0.0,0.0,0.0,3262.0,0.0
512,2022-05-10,BC,0.0,0.0,0.0,0.0,0.0,0.0,0.0,0.0,0.0,285.0,0.0,0.0,0.0,3505.0,0.0
513,2022-05-11,BC,0.0,0.0,0.0,0.0,0.0,0.0,0.0,0.0,0.0,250.0,0.0,0.0,0.0,3698.0,0.0
514,2022-05-12,BC,0.0,0.0,0.0,0.0,0.0,0.0,0.0,0.0,0.0,268.0,0.0,0.0,0.0,4125.0,0.0
515,2022-05-13,BC,0.0,0.0,0.0,0.0,0.0,0.0,0.0,0.0,0.0,222.0,0.0,0.0,0.0,3592.0,0.0
516,2022-05-14,BC,0.0,0.0,0.0,0.0,0.0,0.0,0.0,0.0,0.0,188.0,91.0,0.0,0.0,3080.0,91.0
517,2022-05-15,BC,0.0,0.0,0.0,0.0,0.0,0.0,0.0,0.0,0.0,166.0,0.0,0.0,0.0,2406.0,0.0
518,2022-05-16,BC,0.0,0.0,0.0,0.0,0.0,0.0,0.0,0.0,0.0,215.0,0.0,0.0,0.0,3296.0,0.0
519,2022-05-17,BC,0.0,0.0,0.0,0.0,0.0,0.0,0.0,0.0,0.0,218.0,0.0,0.0,0.0,3346.0,0.0
520,2022-05-18,BC,0.0,0.0,0.0,0.0,0.0,0.0,0.0,0.0,0.0,209.0,0.0,0.0,0.0,3691.0,0.0
521,2022-05-19,BC,0.0,0.0,0.0,0.0,0.0,0.0,0.0,0.0,0.0,187.0,0.0,-10.0,10.0,3292.0,0.0
522,2022-05-20,BC,0.0,0.0,0.0,0.0,0.0,0.0,0.0,0.0,0.0,184.0,0.0,0.0,0.0,3166.0,0.0
523,2022-05-21,BC,0.0,0.0,0.0,0.0,0.0,0.0,0.0,0.0,0.0,179.0,71.0,0.0,0.0,2841.0,71.0
524,2022-05-22,BC,3865.0,5920.0,26594.0,104253.0,140632.0,0.0,0.1,0.5,2.0,165.0,0.0,0.0,0.0,2322.0,0.0
525,2022-05-23,BC,0.0,0.0,0.0,0.0,0.0,0.0,0.0,0.0,0.0,144.0,0.0,0.0,0.0,2370.0,0.0
526,2022-05-24,BC,0.0,0.0,0.0,0.0,0.0,0.0,0.0,0.0,0.0,212.0,0.0,0.0,0.0,3064.0,0.0
527,2022-05-25,BC,0.0,0.0,0.0,0.0,0.0,0.0,0.0,0.0,0.0,189.0,0.0,0.0,0.0,3206.0,0.0
528,2022-05-26,BC,0.0,0.0,0.0,0.0,0.0,0.0,0.0,0.0,0.0,170.0,0.0,-67.0,-7.0,3541.0,0.0
529,2022-05-27,BC,0.0,0.0,0.0,0.0,0.0,0.0,0.0,0.0,0.0,163.0,0.0,0.0,0.0,2868.0,0.0
530,2022-05-28,BC,0.0,0.0,0.0,0.0,0.0,0.0,0.0,0.0,0.0,118.0,78.0,0.0,0.0,2562.0,78.0
531,2022-05-29,BC,0.0,0.0,0.0,0.0,0.0,0.0,0.0,0.0,0.0,124.0,0.0,0.0,0.0,2394.0,0.0
532,2022-05-30,BC,0.0,0.0,0.0,0.0,0.0,0.0,0.0,0.0,0.0,136.0,0.0,0.0,0.0,2820.0,0.0
533,2022-05-31,BC,0.0,0.0,0.0,0.0,0.0,0.0,0.0,0.0,0.0,152.0,0.0,0.0,0.0,2705.0,0.0
534,2022-06-01,BC,0.0,0.0,0.0,0.0,0.0,0.0,0.0,0.0,0.0,140.0,0.0,0.0,0.0,3174.0,0.0
535,2022-06-02,BC,0.0,0.0,0.0,0.0,0.0,0.0,0.0,0.0,0.0,125.0,0.0,-52.0,-1.0,2930.0,0.0
536,2022-06-03,BC,0.0,0.0,0.0,0.0,0.0,0.0,0.0,0.0,0.0,124.0,0.0,0.0,0.0,3048.0,0.0
537,2022-06-04,BC,0.0,0.0,0.0,0.0,0.0,0.0,0.0,0.0,0.0,93.0,67.0,0.0,0.0,2616.0,67.0
538,2022-06-05,BC,0.0,0.0,0.0,0.0,0.0,0.0,0.0,0.0,0.0,106.0,0.0,0.0,0.0,2010.0,0.0
539,2022-06-06,BC,0.0,0.0,0.0,0.0,0.0,0.0,0.0,0.0,0.0,100.0,0.0,0.0,0.0,2358.0,0.0
540,2022-06-07,BC,0.0,0.0,0.0,0.0,0.0,0.0,0.0,0.0,0.0,130.0,0.0,0.0,0.0,2791.0,0.0
541,2022-06-08,BC,0.0,0.0,0.0,0.0,0.0,0.0,0.0,0.0,0.0,101.0,0.0,0.0,0.0,3171.0,0.0
542,2022-06-09,BC,0.0,0.0,0.0,0.0,0.0,0.0,0.0,0.0,0.0,98.0,0.0,-96.0,-13.0,2813.0,0.0
543,2022-06-10,BC,0.0,0.0,0.0,0.0,0.0,0.0,0.0,0.0,0.0,119.0,0.0,0.0,0.0,2716.0,0.0
544,2022-06-11,BC,0.0,0.0,0.0,0.0,0.0,0.0,0.0,0.0,0.0,72.0,68.0,0.0,0.0,2429.0,68.0
545,2022-06-12,BC,0.0,0.0,0.0,0.0,0.0,0.0,0.0,0.0,0.0,85.0,0.0,0.0,0.0,1669.0,0.0
546,2022-06-13,BC,0.0,0.0,0.0,0.0,0.0,0.0,0.0,0.0,0.0,128.0,0.0,0.0,0.0,1512.0,0.0
547,2022-06-14,BC,0.0,0.0,0.0,0.0,0.0,0.0,0.0,0.0,0.0,113.0,0.0,0.0,0.0,1725.0,0.0
548,2022-06-15,BC,0.0,0.0,0.0,0.0,0.0,0.0,0.0,0.0,0.0,84.0,0.0,0.0,0.0,2138.0,0.0
549,2022-06-16,BC,0.0,0.0,0.0,0.0,0.0,0.0,0.0,0.0,0.0,71.0,0.0,-49.0,-9.0,1662.0,0.0
550,2022-06-17,BC,0.0,0.0,0.0,0.0,0.0,0.0,0.0,0.0,0.0,103.0,0.0,0.0,0.0,1742.0,0.0
551,2022-06-18,BC,0.0,0.0,0.0,0.0,0.0,0.0,0.0,0.0,0.0,58.0,40.0,0.0,0.0,1757.0,40.0
552,2022-06-19,BC,5844.0,9728.0,29576.0,165846.0,210994.0,0.1,0.2,0.6,3.1,70.0,0.0,0.0,0.0,1432.0,0.0
553,2022-06-20,BC,0.0,0.0,0.0,0.0,0.0,0.0,0.0,0.0,0.0,81.0,0.0,0.0,0.0,1664.0,0.0
554,2022-06-21,BC,0.0,0.0,0.0,0.0,0.0,0.0,0.0,0.0,0.0,105.0,0.0,0.0,0.0,1638.0,0.0
555,2022-06-22,BC,0.0,0.0,0.0,0.0,0.0,0.0,0.0,0.0,0.0,108.0,0.0,0.0,0.0,1974.0,0.0
556,2022-06-23,BC,0.0,0.0,0.0,0.0,0.0,0.0,0.0,0.0,0.0,100.0,0.0,-3.0,9.0,1880.0,0.0
557,2022-06-24,BC,0.0,0.0,0.0,0.0,0.0,0.0,0.0,0.0,0.0,83.0,0.0,0.0,0.0,1759.0,0.0
558,2022-06-25,BC,0.0,0.0,0.0,0.0,0.0,0.0,0.0,0.0,0.0,74.0,25.0,0.0,0.0,1796.0,25.0
559,2022-06-26,BC,0.0,0.0,0.0,0.0,0.0,0.0,0.0,0.0,0.0,88.0,0.0,0.0,0.0,1510.0,0.0
560,2022-06-27,BC,0.0,0.0,0.0,0.0,0.0,0.0,0.0,0.0,0.0,106.0,0.0,0.0,0.0,1569.0,0.0
561,2022-06-28,BC,0.0,0.0,0.0,0.0,0.0,0.0,0.0,0.0,0.0,117.0,0.0,0.0,0.0,1827.0,0.0
562,2022-06-29,BC,0.0,0.0,0.0,0.0,0.0,0.0,0.0,0.0,0.0,107.0,0.0,0.0,0.0,1988.0,0.0
563,2022-06-30,BC,0.0,0.0,0.0,0.0,0.0,0.0,0.0,0.0,0.0,110.0,0.0,0.0,0.0,2087.0,0.0
564,2022-07-01,BC,0.0,0.0,0.0,0.0,0.0,0.0,0.0,0.0,0.0,136.0,0.0,0.0,0.0,1599.0,0.0
565,2022-07-02,BC,0.0,0.0,0.0,0.0,0.0,0.0,0.0,0.0,0.0,103.0,41.0,0.0,0.0,1515.0,41.0
566,2022-07-03,BC,0.0,0.0,0.0,0.0,0.0,0.0,0.0,0.0,0.0,113.0,0.0,0.0,0.0,1685.0,0.0
567,2022-07-04,BC,0.0,0.0,0.0,0.0,0.0,0.0,0.0,0.0,0.0,155.0,0.0,0.0,0.0,1368.0,0.0
568,2022-07-05,BC,0.0,0.0,0.0,0.0,0.0,0.0,0.0,0.0,0.0,152.0,0.0,0.0,0.0,1847.0,0.0
569,2022-07-06,BC,0.0,0.0,0.0,0.0,0.0,0.0,0.0,0.0,0.0,144.0,0.0,0.0,0.0,1904.0,0.0
570,2022-07-07,BC,0.0,0.0,0.0,0.0,0.0,0.0,0.0,0.0,0.0,152.0,0.0,96.0,8.0,1960.0,0.0
571,2022-07-08,BC,0.0,0.0,0.0,0.0,0.0,0.0,0.0,0.0,0.0,137.0,0.0,0.0,0.0,1583.0,0.0
572,2022-07-09,BC,0.0,0.0,0.0,0.0,0.0,0.0,0.0,0.0,0.0,120.0,35.0,0.0,0.0,1849.0,35.0
573,2022-07-10,BC,0.0,0.0,0.0,0.0,0.0,0.0,0.0,0.0,0.0,133.0,0.0,0.0,0.0,1466.0,0.0
574,2022-07-11,BC,0.0,0.0,0.0,0.0,0.0,0.0,0.0,0.0,0.0,147.0,0.0,0.0,0.0,1508.0,0.0
575,2022-07-12,BC,0.0,0.0,0.0,0.0,0.0,0.0,0.0,0.0,0.0,137.0,0.0,0.0,0.0,1753.0,0.0
576,2022-07-13,BC,0.0,0.0,0.0,0.0,0.0,0.0,0.0,0.0,0.0,171.0,0.0,57.0,-2.0,2037.0,0.0
577,2022-07-14,BC,0.0,0.0,0.0,0.0,0.0,0.0,0.0,0.0,0.0,192.0,0.0,0.0,0.0,1932.0,0.0
578,2022-07-15,BC,0.0,0.0,0.0,0.0,0.0,0.0,0.0,0.0,0.0,125.0,0.0,0.0,0.0,829.0,0.0
579,2022-07-16,BC,0.0,0.0,0.0,0.0,0.0,0.0,0.0,0.0,0.0,140.0,32.0,0.0,0.0,1657.0,32.0
580,2022-07-17,BC,3702.0,5770.0,28967.0,128111.0,166550.0,0.1,0.1,0.5,2.4,128.0,0.0,0.0,0.0,1507.0,0.0
581,2022-07-18,BC,0.0,0.0,0.0,0.0,0.0,0.0,0.0,0.0,0.0,132.0,0.0,0.0,0.0,1294.0,0.0
582,2022-07-19,BC,0.0,0.0,0.0,0.0,0.0,0.0,0.0,0.0,0.0,152.0,0.0,0.0,0.0,1743.0,0.0
583,2022-07-20,BC,0.0,0.0,0.0,0.0,0.0,0.0,0.0,0.0,0.0,161.0,0.0,0.0,0.0,2396.0,0.0
584,2022-07-21,BC,0.0,0.0,0.0,0.0,0.0,0.0,0.0,0.0,0.0,122.0,0.0,-20.0,-4.0,2079.0,0.0
585,2022-07-22,BC,0.0,0.0,0.0,0.0,0.0,0.0,0.0,0.0,0.0,144.0,0.0,0.0,0.0,1975.0,0.0
586,2022-07-23,BC,0.0,0.0,0.0,0.0,0.0,0.0,0.0,0.0,0.0,82.0,53.0,0.0,0.0,2209.0,53.0
587,2022-07-24,BC,0.0,0.0,0.0,0.0,0.0,0.0,0.0,0.0,0.0,123.0,0.0,0.0,0.0,1587.0,0.0
588,2022-07-25,BC,0.0,0.0,0.0,0.0,0.0,0.0,0.0,0.0,0.0,156.0,0.0,0.0,0.0,1339.0,0.0
589,2022-07-26,BC,0.0,0.0,0.0,0.0,0.0,0.0,0.0,0.0,0.0,187.0,0.0,0.0,0.0,1956.0,0.0
590,2022-07-27,BC,0.0,0.0,0.0,0.0,0.0,0.0,0.0,0.0,0.0,149.0,0.0,0.0,0.0,2613.0,0.0
591,2022-07-28,BC,0.0,0.0,0.0,0.0,0.0,0.0,0.0,0.0,0.0,138.0,0.0,-5.0,5.0,2285.0,0.0
592,2022-07-29,BC,0.0,0.0,0.0,0.0,0.0,0.0,0.0,0.0,0.0,131.0,0.0,0.0,0.0,2491.0,0.0
593,2022-07-30,BC,0.0,0.0,0.0,0.0,0.0,0.0,0.0,0.0,0.0,99.0,32.0,0.0,0.0,2049.0,32.0
594,2022-07-31,BC,0.0,0.0,0.0,0.0,0.0,0.0,0.0,0.0,0.0,113.0,0.0,0.0,0.0,1766.0,0.0
595,2022-08-01,BC,0.0,0.0,0.0,0.0,0.0,0.0,0.0,0.0,0.0,113.0,0.0,0.0,0.0,1668.0,0.0
596,2022-08-02,BC,0.0,0.0,0.0,0.0,0.0,0.0,0.0,0.0,0.0,171.0,0.0,0.0,0.0,2154.0,0.0
597,2022-08-03,BC,0.0,0.0,0.0,0.0,0.0,0.0,0.0,0.0,0.0,155.0,0.0,0.0,0.0,2585.0,0.0
598,2022-08-04,BC,0.0,0.0,0.0,0.0,0.0,0.0,0.0,0.0,0.0,127.0,0.0,9.0,3.0,2746.0,0.0
599,2022-08-05,BC,0.0,0.0,0.0,0.0,0.0,0.0,0.0,0.0,0.0,115.0,0.0,0.0,0.0,2377.0,0.0
600,2022-08-06,BC,0.0,0.0,0.0,0.0,0.0,0.0,0.0,0.0,0.0,105.0,55.0,0.0,0.0,2035.0,55.0
601,2022-08-07,BC,0.0,0.0,0.0,0.0,0.0,0.0,0.0,0.0,0.0,132.0,0.0,0.0,0.0,2237.0,0.0
602,2022-08-08,BC,0.0,0.0,0.0,0.0,0.0,0.0,0.0,0.0,0.0,94.0,0.0,0.0,0.0,1533.0,0.0
603,2022-08-09,BC,0.0,0.0,0.0,0.0,0.0,0.0,0.0,0.0,0.0,140.0,0.0,0.0,0.0,2851.0,0.0
604,2022-08-10,BC,0.0,0.0,0.0,0.0,0.0,0.0,0.0,0.0,0.0,147.0,0.0,0.0,0.0,3296.0,0.0
605,2022-08-11,BC,0.0,0.0,0.0,0.0,0.0,0.0,0.0,0.0,0.0,154.0,0.0,-25.0,-15.0,2563.0,0.0
606,2022-08-12,BC,0.0,0.0,0.0,0.0,0.0,0.0,0.0,0.0,0.0,116.0,0.0,0.0,0.0,1935.0,0.0
607,2022-08-13,BC,0.0,0.0,0.0,0.0,0.0,0.0,0.0,0.0,0.0,98.0,42.0,0.0,0.0,2586.0,42.0
608,2022-08-14,BC,15504.0,2150.0,10961.0,68157.0,96772.0,0.3,0.1,0.2,1.3,90.0,0.0,0.0,0.0,1516.0,0.0
609,2022-08-15,BC,0.0,0.0,0.0,0.0,0.0,0.0,0.0,0.0,0.0,106.0,0.0,0.0,0.0,1650.0,0.0
610,2022-08-16,BC,0.0,0.0,0.0,0.0,0.0,0.0,0.0,0.0,0.0,134.0,0.0,0.0,0.0,2516.0,0.0
611,2022-08-17,BC,0.0,0.0,0.0,0.0,0.0,0.0,0.0,0.0,0.0,102.0,0.0,0.0,0.0,2988.0,0.0
612,2022-08-18,BC,0.0,0.0,0.0,0.0,0.0,0.0,0.0,0.0,0.0,112.0,0.0,5.0,-1.0,2692.0,0.0
613,2022-08-19,BC,0.0,0.0,0.0,0.0,0.0,0.0,0.0,0.0,0.0,118.0,0.0,0.0,0.0,2212.0,0.0
614,2022-08-20,BC,0.0,0.0,0.0,0.0,0.0,0.0,0.0,0.0,0.0,75.0,60.0,0.0,0.0,2027.0,60.0
615,2022-08-21,BC,0.0,0.0,0.0,0.0,0.0,0.0,0.0,0.0,0.0,78.0,0.0,0.0,0.0,1711.0,0.0
616,2022-08-22,BC,0.0,0.0,0.0,0.0,0.0,0.0,0.0,0.0,0.0,112.0,0.0,0.0,0.0,1993.0,0.0
617,2022-08-23,BC,0.0,0.0,0.0,0.0,0.0,0.0,0.0,0.0,0.0,84.0,0.0,0.0,0.0,1940.0,0.0
618,2022-08-24,BC,0.0,0.0,0.0,0.0,0.0,0.0,0.0,0.0,0.0,107.0,0.0,0.0,0.0,2849.0,0.0
619,2022-08-25,BC,0.0,0.0,0.0,0.0,0.0,0.0,0.0,0.0,0.0,112.0,0.0,0.0,0.0,2669.0,0.0
620,2022-08-26,BC,0.0,0.0,0.0,0.0,0.0,0.0,0.0,0.0,0.0,75.0,0.0,0.0,0.0,2054.0,0.0
621,2022-08-27,BC,0.0,0.0,0.0,0.0,0.0,0.0,0.0,0.0,0.0,83.0,48.0,0.0,0.0,2344.0,48.0
622,2022-08-28,BC,0.0,0.0,0.0,0.0,0.0,0.0,0.0,0.0,0.0,76.0,0.0,0.0,0.0,1688.0,0.0
623,2022-08-29,BC,0.0,0.0,0.0,0.0,0.0,0.0,0.0,0.0,0.0,89.0,0.0,0.0,0.0,1617.0,0.0
624,2022-08-30,BC,0.0,0.0,0.0,0.0,0.0,0.0,0.0,0.0,0.0,105.0,0.0,0.0,0.0,2116.0,0.0
625,2022-08-31,BC,0.0,0.0,0.0,0.0,0.0,0.0,0.0,0.0,0.0,109.0,0.0,0.0,0.0,2789.0,0.0
626,2022-09-01,BC,0.0,0.0,0.0,0.0,0.0,0.0,0.0,0.0,0.0,85.0,0.0,-84.0,3.0,2159.0,0.0
627,2022-09-02,BC,0.0,0.0,0.0,0.0,0.0,0.0,0.0,0.0,0.0,85.0,0.0,0.0,0.0,2152.0,0.0
628,2022-09-03,BC,0.0,0.0,0.0,0.0,0.0,0.0,0.0,0.0,0.0,68.0,38.0,0.0,0.0,1962.0,38.0
629,2022-09-04,BC,0.0,0.0,0.0,0.0,0.0,0.0,0.0,0.0,0.0,73.0,0.0,0.0,0.0,1915.0,0.0
630,2022-09-05,BC,0.0,0.0,0.0,0.0,0.0,0.0,0.0,0.0,0.0,67.0,0.0,0.0,0.0,1591.0,0.0
631,2022-09-06,BC,0.0,0.0,0.0,0.0,0.0,0.0,0.0,0.0,0.0,85.0,0.0,0.0,0.0,2069.0,0.0
632,2022-09-07,BC,0.0,0.0,0.0,0.0,0.0,0.0,0.0,0.0,0.0,93.0,0.0,0.0,0.0,2347.0,0.0
633,2022-09-08,BC,0.0,0.0,0.0,0.0,0.0,0.0,0.0,0.0,0.0,110.0,0.0,18.0,-3.0,2793.0,0.0
634,2022-09-09,BC,0.0,0.0,0.0,0.0,0.0,0.0,0.0,0.0,0.0,75.0,0.0,0.0,0.0,872.0,0.0
635,2022-09-10,BC,0.0,0.0,0.0,0.0,0.0,0.0,0.0,0.0,0.0,70.0,33.0,0.0,0.0,1942.0,33.0
636,2022-09-11,BC,13105.0,4328.0,27233.0,37170.0,81836.0,0.3,0.1,0.5,0.7,85.0,0.0,0.0,0.0,1887.0,0.0
637,2022-09-12,BC,0.0,0.0,0.0,0.0,0.0,0.0,0.0,0.0,0.0,100.0,0.0,0.0,0.0,2031.0,0.0
638,2022-09-13,BC,0.0,0.0,0.0,0.0,0.0,0.0,0.0,0.0,0.0,92.0,0.0,0.0,0.0,2350.0,0.0
639,2022-09-14,BC,0.0,0.0,0.0,0.0,0.0,0.0,0.0,0.0,0.0,89.0,0.0,0.0,0.0,2626.0,0.0
640,2022-09-15,BC,0.0,0.0,0.0,0.0,0.0,0.0,0.0,0.0,0.0,103.0,0.0,-10.0,1.0,2366.0,0.0
641,2022-09-16,BC,0.0,0.0,0.0,0.0,0.0,0.0,0.0,0.0,0.0,91.0,0.0,0.0,0.0,2230.0,0.0
642,2022-09-17,BC,0.0,0.0,0.0,0.0,0.0,0.0,0.0,0.0,0.0,75.0,37.0,0.0,0.0,2225.0,37.0
643,2022-09-18,BC,0.0,0.0,0.0,0.0,0.0,0.0,0.0,0.0,0.0,69.0,0.0,0.0,0.0,1414.0,0.0
644,2022-09-19,BC,0.0,0.0,0.0,0.0,0.0,0.0,0.0,0.0,0.0,100.0,0.0,0.0,0.0,1937.0,0.0
645,2022-09-20,BC,0.0,0.0,0.0,0.0,0.0,0.0,0.0,0.0,0.0,71.0,0.0,0.0,0.0,2747.0,0.0
646,2022-09-21,BC,0.0,0.0,0.0,0.0,0.0,0.0,0.0,0.0,0.0,87.0,0.0,0.0,0.0,2680.0,0.0
647,2022-09-22,BC,0.0,0.0,0.0,0.0,0.0,0.0,0.0,0.0,0.0,136.0,0.0,-9.0,-1.0,2612.0,0.0
648,2022-09-23,BC,0.0,0.0,0.0,0.0,0.0,0.0,0.0,0.0,0.0,88.0,0.0,0.0,0.0,2113.0,0.0
649,2022-09-24,BC,0.0,0.0,0.0,0.0,0.0,0.0,0.0,0.0,0.0,84.0,30.0,0.0,0.0,2024.0,30.0
650,2022-09-25,BC,0.0,0.0,0.0,0.0,0.0,0.0,0.0,0.0,0.0,98.0,0.0,0.0,0.0,1449.0,0.0
651,2022-09-26,BC,0.0,0.0,0.0,0.0,0.0,0.0,0.0,0.0,0.0,107.0,0.0,0.0,0.0,1441.0,0.0
652,2022-09-27,BC,0.0,0.0,0.0,0.0,0.0,0.0,0.0,0.0,0.0,123.0,0.0,0.0,0.0,2566.0,0.0
653,2022-09-28,BC,0.0,0.0,0.0,0.0,0.0,0.0,0.0,0.0,0.0,99.0,0.0,0.0,0.0,2088.0,0.0
654,2022-09-29,BC,0.0,0.0,0.0,0.0,0.0,0.0,0.0,0.0,0.0,114.0,0.0,62.0,8.0,1990.0,0.0
655,2022-09-30,BC,0.0,0.0,0.0,0.0,0.0,0.0,0.0,0.0,0.0,76.0,0.0,0.0,0.0,1170.0,0.0
656,2022-10-01,BC,0.0,0.0,0.0,0.0,0.0,0.0,0.0,0.0,0.0,79.0,38.0,0.0,0.0,802.0,38.0
657,2022-10-02,BC,0.0,0.0,0.0,0.0,0.0,0.0,0.0,0.0,0.0,85.0,0.0,0.0,0.0,926.0,0.0
658,2022-10-03,BC,0.0,0.0,0.0,0.0,0.0,0.0,0.0,0.0,0.0,95.0,0.0,0.0,0.0,916.0,0.0
659,2022-10-04,BC,0.0,0.0,0.0,0.0,0.0,0.0,0.0,0.0,0.0,123.0,0.0,0.0,0.0,1016.0,0.0
660,2022-10-05,BC,0.0,0.0,0.0,0.0,0.0,0.0,0.0,0.0,0.0,117.0,0.0,0.0,0.0,1163.0,0.0
661,2022-10-06,BC,0.0,0.0,0.0,0.0,0.0,0.0,0.0,0.0,0.0,94.0,0.0,2.0,-1.0,895.0,0.0
662,2022-10-07,BC,0.0,0.0,0.0,0.0,0.0,0.0,0.0,0.0,0.0,91.0,0.0,0.0,0.0,682.0,0.0
663,2022-10-08,BC,0.0,0.0,0.0,0.0,0.0,0.0,0.0,0.0,0.0,90.0,49.0,0.0,0.0,918.0,49.0
664,2022-10-09,BC,4433.0,5062.0,47180.0,402939.0,459614.0,0.0,0.0,0.9,7.5,95.0,0.0,0.0,0.0,923.0,0.0
665,2022-10-10,BC,0.0,0.0,0.0,0.0,0.0,0.0,0.0,0.0,0.0,90.0,0.0,0.0,0.0,820.0,0.0
666,2022-10-11,BC,0.0,0.0,0.0,0.0,0.0,0.0,0.0,0.0,0.0,91.0,0.0,0.0,0.0,829.0,0.0
667,2022-10-12,BC,0.0,0.0,0.0,0.0,0.0,0.0,0.0,0.0,0.0,125.0,0.0,0.0,0.0,1325.0,0.0
668,2022-10-13,BC,0.0,0.0,0.0,0.0,0.0,0.0,0.0,0.0,0.0,77.0,0.0,-4.0,-10.0,884.0,0.0
669,2022-10-14,BC,0.0,0.0,0.0,0.0,0.0,0.0,0.0,0.0,0.0,72.0,0.0,0.0,0.0,682.0,0.0
670,2022-10-15,BC,0.0,0.0,0.0,0.0,0.0,0.0,0.0,0.0,0.0,78.0,53.0,0.0,0.0,985.0,53.0
671,2022-10-16,BC,0.0,0.0,0.0,0.0,0.0,0.0,0.0,0.0,0.0,72.0,0.0,0.0,0.0,720.0,0.0
672,2022-10-17,BC,0.0,0.0,0.0,0.0,0.0,0.0,0.0,0.0,0.0,63.0,0.0,0.0,0.0,1131.0,0.0
673,2022-10-18,BC,0.0,0.0,0.0,0.0,0.0,0.0,0.0,0.0,0.0,92.0,0.0,0.0,0.0,1150.0,0.0
674,2022-10-19,BC,0.0,0.0,0.0,0.0,0.0,0.0,0.0,0.0,0.0,85.0,0.0,0.0,0.0,1054.0,0.0
675,2022-10-20,BC,0.0,0.0,0.0,0.0,0.0,0.0,0.0,0.0,0.0,80.0,0.0,24.0,2.0,943.0,0.0
676,2022-10-21,BC,0.0,0.0,0.0,0.0,0.0,0.0,0.0,0.0,0.0,75.0,0.0,0.0,0.0,656.0,0.0
677,2022-10-22,BC,0.0,0.0,0.0,0.0,0.0,0.0,0.0,0.0,0.0,66.0,62.0,0.0,0.0,861.0,62.0
678,2022-10-23,BC,0.0,0.0,0.0,0.0,0.0,0.0,0.0,0.0,0.0,63.0,0.0,0.0,0.0,574.0,0.0
679,2022-10-24,BC,0.0,0.0,0.0,0.0,0.0,0.0,0.0,0.0,0.0,70.0,0.0,0.0,0.0,1220.0,0.0
680,2022-10-25,BC,0.0,0.0,0.0,0.0,0.0,0.0,0.0,0.0,0.0,56.0,0.0,0.0,0.0,793.0,0.0
681,2022-10-26,BC,0.0,0.0,0.0,0.0,0.0,0.0,0.0,0.0,0.0,81.0,0.0,0.0,0.0,1146.0,0.0
682,2022-10-27,BC,0.0,0.0,0.0,0.0,0.0,0.0,0.0,0.0,0.0,77.0,0.0,-97.0,-1.0,790.0,0.0
683,2022-10-28,BC,0.0,0.0,0.0,0.0,0.0,0.0,0.0,0.0,0.0,82.0,0.0,0.0,0.0,734.0,0.0
684,2022-10-29,BC,0.0,0.0,0.0,0.0,0.0,0.0,0.0,0.0,0.0,56.0,40.0,0.0,0.0,729.0,40.0
685,2022-10-30,BC,0.0,0.0,0.0,0.0,0.0,0.0,0.0,0.0,0.0,53.0,0.0,0.0,0.0,927.0,0.0
686,2022-10-31,BC,0.0,0.0,0.0,0.0,0.0,0.0,0.0,0.0,0.0,55.0,0.0,0.0,0.0,1019.0,0.0
687,2022-11-01,BC,0.0,0.0,0.0,0.0,0.0,0.0,0.0,0.0,0.0,63.0,0.0,0.0,0.0,1038.0,0.0
688,2022-11-02,BC,0.0,0.0,0.0,0.0,0.0,0.0,0.0,0.0,0.0,82.0,0.0,0.0,0.0,1058.0,0.0
689,2022-11-03,BC,0.0,0.0,0.0,0.0,0.0,0.0,0.0,0.0,0.0,35.0,0.0,-6.0,7.0,896.0,0.0
690,2022-11-04,BC,0.0,0.0,0.0,0.0,0.0,0.0,0.0,0.0,0.0,61.0,0.0,0.0,0.0,650.0,0.0
691,2022-11-05,BC,0.0,0.0,0.0,0.0,0.0,0.0,0.0,0.0,0.0,60.0,27.0,0.0,0.0,901.0,27.0
692,2022-11-06,BC,6758.0,11887.0,44034.0,428784.0,491463.0,0.2,0.3,0.8,8.1,64.0,0.0,0.0,0.0,1045.0,0.0
693,2022-11-07,BC,0.0,0.0,0.0,0.0,0.0,0.0,0.0,0.0,0.0,70.0,0.0,0.0,0.0,1105.0,0.0
694,2022-11-08,BC,0.0,0.0,0.0,0.0,0.0,0.0,0.0,0.0,0.0,74.0,0.0,0.0,0.0,1011.0,0.0
695,2022-11-09,BC,0.0,0.0,0.0,0.0,0.0,0.0,0.0,0.0,0.0,78.0,0.0,0.0,0.0,1024.0,0.0
696,2022-11-10,BC,0.0,0.0,0.0,0.0,0.0,0.0,0.0,0.0,0.0,77.0,0.0,4.0,-1.0,844.0,0.0
697,2022-11-11,BC,0.0,0.0,0.0,0.0,0.0,0.0,0.0,0.0,0.0,63.0,0.0,0.0,0.0,591.0,0.0
698,2022-11-12,BC,0.0,0.0,0.0,0.0,0.0,0.0,0.0,0.0,0.0,60.0,55.0,0.0,0.0,1020.0,55.0
699,2022-11-13,BC,0.0,0.0,0.0,0.0,0.0,0.0,0.0,0.0,0.0,63.0,0.0,0.0,0.0,992.0,0.0
700,2022-11-14,BC,0.0,0.0,0.0,0.0,0.0,0.0,0.0,0.0,0.0,55.0,0.0,0.0,0.0,937.0,0.0
701,2022-11-15,BC,0.0,0.0,0.0,0.0,0.0,0.0,0.0,0.0,0.0,91.0,0.0,0.0,0.0,1135.0,0.0
702,2022-11-16,BC,0.0,0.0,0.0,0.0,0.0,0.0,0.0,0.0,0.0,72.0,0.0,0.0,0.0,1111.0,0.0
703,2022-11-17,BC,0.0,0.0,0.0,0.0,0.0,0.0,0.0,0.0,0.0,64.0,0.0,38.0,0.0,942.0,0.0
704,2022-11-18,BC,0.0,0.0,0.0,0.0,0.0,0.0,0.0,0.0,0.0,91.0,0.0,0.0,0.0,824.0,0.0
705,2022-11-19,BC,0.0,0.0,0.0,0.0,0.0,0.0,0.0,0.0,0.0,65.0,35.0,0.0,0.0,691.0,35.0
706,2022-11-20,BC,0.0,0.0,0.0,0.0,0.0,0.0,0.0,0.0,0.0,75.0,0.0,0.0,0.0,1030.0,0.0
707,2022-11-21,BC,0.0,0.0,0.0,0.0,0.0,0.0,0.0,0.0,0.0,106.0,0.0,0.0,0.0,1145.0,0.0
708,2022-11-22,BC,0.0,0.0,0.0,0.0,0.0,0.0,0.0,0.0,0.0,82.0,0.0,0.0,0.0,1032.0,0.0
709,2022-11-23,BC,0.0,0.0,0.0,0.0,0.0,0.0,0.0,0.0,0.0,72.0,0.0,0.0,0.0,0.0,0.0
710,2022-11-24,BC,0.0,0.0,0.0,0.0,0.0,0.0,0.0,0.0,0.0,108.0,0.0,0.0,11.0,0.0,0.0
711,2022-11-25,BC,0.0,0.0,0.0,0.0,0.0,0.0,0.0,0.0,0.0,87.0,0.0,0.0,0.0,0.0,0.0
712,2022-11-26,BC,0.0,0.0,0.0,0.0,0.0,0.0,0.0,0.0,0.0,76.0,38.0,0.0,0.0,0.0,38.0
713,2022-11-27,BC,0.0,0.0,0.0,0.0,0.0,0.0,0.0,0.0,0.0,69.0,0.0,0.0,0.0,0.0,0.0
714,2022-11-28,BC,0.0,0.0,0.0,0.0,0.0,0.0,0.0,0.0,0.0,80.0,0.0,0.0,0.0,0.0,0.0
715,2022-11-29,BC,0.0,0.0,0.0,0.0,0.0,0.0,0.0,0.0,0.0,98.0,0.0,0.0,0.0,0.0,0.0
716,2022-11-30,BC,0.0,0.0,0.0,0.0,0.0,0.0,0.0,0.0,0.0,79.0,0.0,0.0,0.0,0.0,0.0
717,2022-12-01,BC,0.0,0.0,0.0,0.0,0.0,0.0,0.0,0.0,0.0,79.0,0.0,0.0,0.0,0.0,0.0
718,2022-12-02,BC,0.0,0.0,0.0,0.0,0.0,0.0,0.0,0.0,0.0,76.0,0.0,0.0,0.0,0.0,0.0
719,2022-12-03,BC,0.0,0.0,0.0,0.0,0.0,0.0,0.0,0.0,0.0,59.0,35.0,0.0,0.0,0.0,35.0
720,2022-12-04,BC,19898.0,14653.0,39239.0,229792.0,303582.0,0.3,0.2,0.8,4.3,61.0,0.0,0.0,0.0,0.0,0.0
721,2022-12-05,BC,0.0,0.0,0.0,0.0,0.0,0.0,0.0,0.0,0.0,93.0,0.0,0.0,0.0,0.0,0.0
722,2022-12-06,BC,0.0,0.0,0.0,0.0,0.0,0.0,0.0,0.0,0.0,95.0,0.0,0.0,0.0,0.0,0.0
723,2022-12-07,BC,0.0,0.0,0.0,0.0,0.0,0.0,0.0,0.0,0.0,109.0,0.0,0.0,0.0,0.0,0.0
724,2022-12-08,BC,0.0,0.0,0.0,0.0,0.0,0.0,0.0,0.0,0.0,99.0,0.0,41.0,1.0,0.0,0.0
725,2022-12-09,BC,0.0,0.0,0.0,0.0,0.0,0.0,0.0,0.0,0.0,103.0,0.0,0.0,0.0,0.0,0.0
726,2022-12-10,BC,0.0,0.0,0.0,0.0,0.0,0.0,0.0,0.0,0.0,100.0,45.0,0.0,0.0,0.0,45.0
727,2022-12-11,BC,0.0,0.0,0.0,0.0,0.0,0.0,0.0,0.0,0.0,87.0,0.0,0.0,0.0,0.0,0.0
728,2022-12-12,BC,0.0,0.0,0.0,0.0,0.0,0.0,0.0,0.0,0.0,99.0,0.0,0.0,0.0,0.0,0.0
729,2022-12-13,BC,0.0,0.0,0.0,0.0,0.0,0.0,0.0,0.0,0.0,89.0,0.0,0.0,0.0,0.0,0.0
730,2022-12-14,BC,0.0,0.0,0.0,0.0,0.0,0.0,0.0,0.0,0.0,87.0,0.0,0.0,0.0,0.0,0.0
731,2022-12-15,BC,0.0,0.0,0.0,0.0,0.0,0.0,0.0,0.0,0.0,85.0,0.0,0.0,0.0,0.0,0.0
732,2022-12-16,BC,0.0,0.0,0.0,0.0,0.0,0.0,0.0,0.0,0.0,90.0,0.0,0.0,0.0,0.0,0.0
733,2022-12-17,BC,0.0,0.0,0.0,0.0,0.0,0.0,0.0,0.0,0.0,72.0,46.0,0.0,0.0,0.0,46.0
734,2022-12-18,BC,0.0,0.0,0.0,0.0,0.0,0.0,0.0,0.0,0.0,70.0,0.0,0.0,0.0,0.0,0.0
735,2022-12-19,BC,0.0,0.0,0.0,0.0,0.0,0.0,0.0,0.0,0.0,85.0,0.0,0.0,0.0,0.0,0.0
736,2022-12-20,BC,0.0,0.0,0.0,0.0,0.0,0.0,0.0,0.0,0.0,82.0,0.0,0.0,0.0,0.0,0.0
737,2022-12-21,BC,0.0,0.0,0.0,0.0,0.0,0.0,0.0,0.0,0.0,80.0,0.0,0.0,0.0,0.0,0.0
738,2022-12-22,BC,0.0,0.0,0.0,0.0,0.0,0.0,0.0,0.0,0.0,97.0,0.0,5.0,-7.0,0.0,0.0
739,2022-12-23,BC,0.0,0.0,0.0,0.0,0.0,0.0,0.0,0.0,0.0,51.0,0.0,0.0,0.0,0.0,0.0
740,2022-12-24,BC,0.0,0.0,0.0,0.0,0.0,0.0,0.0,0.0,0.0,97.0,0.0,0.0,0.0,0.0,0.0
741,2022-12-25,BC,0.0,0.0,0.0,0.0,0.0,0.0,0.0,0.0,0.0,82.0,0.0,0.0,0.0,0.0,0.0
742,2022-12-26,BC,0.0,0.0,0.0,0.0,0.0,0.0,0.0,0.0,0.0,85.0,0.0,0.0,0.0,0.0,0.0
743,2022-12-27,BC,0.0,0.0,0.0,0.0,0.0,0.0,0.0,0.0,0.0,101.0,0.0,0.0,0.0,0.0,0.0
744,2022-12-28,BC,0.0,0.0,0.0,0.0,0.0,0.0,0.0,0.0,0.0,84.0,0.0,0.0,0.0,0.0,0.0
745,2022-12-29,BC,0.0,0.0,0.0,0.0,0.0,0.0,0.0,0.0,0.0,130.0,0.0,-25.0,4.0,0.0,0.0
746,2022-12-30,BC,0.0,0.0,0.0,0.0,0.0,0.0,0.0,0.0,0.0,122.0,0.0,0.0,0.0,0.0,0.0
747,2022-12-31,BC,0.0,0.0,0.0,0.0,0.0,0.0,0.0,0.0,0.0,89.0,90.0,0.0,0.0,0.0,90.0
748,2023-01-01,BC,13536.0,7475.0,18088.0,69651.0,108750.0,0.3,0.2,0.3,1.3,87.0,0.0,0.0,0.0,0.0,0.0
749,2023-01-02,BC,0.0,0.0,0.0,0.0,0.0,0.0,0.0,0.0,0.0,89.0,0.0,0.0,0.0,0.0,0.0
750,2023-01-03,BC,0.0,0.0,0.0,0.0,0.0,0.0,0.0,0.0,0.0,103.0,0.0,0.0,0.0,0.0,0.0
751,2023-01-04,BC,0.0,0.0,0.0,0.0,0.0,0.0,0.0,0.0,0.0,114.0,0.0,0.0,0.0,0.0,0.0
752,2023-01-05,BC,0.0,0.0,0.0,0.0,0.0,0.0,0.0,0.0,0.0,103.0,0.0,7.0,-10.0,0.0,0.0
753,2023-01-06,BC,0.0,0.0,0.0,0.0,0.0,0.0,0.0,0.0,0.0,98.0,0.0,0.0,0.0,0.0,0.0
754,2023-01-07,BC,0.0,0.0,0.0,0.0,0.0,0.0,0.0,0.0,0.0,68.0,65.0,0.0,0.0,0.0,65.0
755,2023-01-08,BC,0.0,0.0,0.0,0.0,0.0,0.0,0.0,0.0,0.0,59.0,0.0,0.0,0.0,0.0,0.0
756,2023-01-09,BC,0.0,0.0,0.0,0.0,0.0,0.0,0.0,0.0,0.0,97.0,0.0,0.0,0.0,0.0,0.0
757,2023-01-10,BC,0.0,0.0,0.0,0.0,0.0,0.0,0.0,0.0,0.0,95.0,0.0,0.0,0.0,0.0,0.0
758,2023-01-11,BC,0.0,0.0,0.0,0.0,0.0,0.0,0.0,0.0,0.0,79.0,0.0,0.0,0.0,0.0,0.0
759,2023-01-12,BC,0.0,0.0,0.0,0.0,0.0,0.0,0.0,0.0,0.0,72.0,0.0,-54.0,0.0,0.0,0.0
760,2023-01-13,BC,0.0,0.0,0.0,0.0,0.0,0.0,0.0,0.0,0.0,91.0,0.0,0.0,0.0,0.0,0.0
761,2023-01-14,BC,0.0,0.0,0.0,0.0,0.0,0.0,0.0,0.0,0.0,66.0,46.0,0.0,0.0,0.0,46.0
762,2023-01-15,BC,0.0,0.0,0.0,0.0,0.0,0.0,0.0,0.0,0.0,78.0,0.0,0.0,0.0,0.0,0.0
763,2023-01-16,BC,0.0,0.0,0.0,0.0,0.0,0.0,0.0,0.0,0.0,88.0,0.0,0.0,0.0,0.0,0.0
764,2023-01-17,BC,0.0,0.0,0.0,0.0,0.0,0.0,0.0,0.0,0.0,50.0,0.0,0.0,0.0,0.0,0.0
765,2023-01-18,BC,0.0,0.0,0.0,0.0,0.0,0.0,0.0,0.0,0.0,51.0,0.0,0.0,0.0,0.0,0.0
766,2023-01-19,BC,0.0,0.0,0.0,0.0,0.0,0.0,0.0,0.0,0.0,43.0,0.0,-34.0,-8.0,0.0,0.0
767,2023-01-20,BC,0.0,0.0,0.0,0.0,0.0,0.0,0.0,0.0,0.0,53.0,0.0,0.0,0.0,0.0,0.0
768,2023-01-21,BC,0.0,0.0,0.0,0.0,0.0,0.0,0.0,0.0,0.0,45.0,54.0,0.0,0.0,0.0,54.0
769,2023-01-22,BC,0.0,0.0,0.0,0.0,0.0,0.0,0.0,0.0,0.0,46.0,0.0,0.0,0.0,0.0,0.0
770,2023-01-23,BC,0.0,0.0,0.0,0.0,0.0,0.0,0.0,0.0,0.0,27.0,0.0,0.0,0.0,0.0,0.0
771,2023-01-24,BC,0.0,0.0,0.0,0.0,0.0,0.0,0.0,0.0,0.0,41.0,0.0,0.0,0.0,0.0,0.0
772,2023-01-25,BC,0.0,0.0,0.0,0.0,0.0,0.0,0.0,0.0,0.0,58.0,0.0,0.0,0.0,0.0,0.0
773,2023-01-26,BC,0.0,0.0,0.0,0.0,0.0,0.0,0.0,0.0,0.0,36.0,0.0,-40.0,5.0,0.0,0.0
774,2023-01-27,BC,0.0,0.0,0.0,0.0,0.0,0.0,0.0,0.0,0.0,55.0,0.0,0.0,0.0,0.0,0.0
775,2023-01-28,BC,0.0,0.0,0.0,0.0,0.0,0.0,0.0,0.0,0.0,29.0,45.0,0.0,0.0,0.0,45.0
776,2023-01-29,BC,8313.0,8094.0,11709.0,41536.0,69652.0,0.2,0.1,0.2,0.8,24.0,0.0,0.0,0.0,0.0,0.0
777,2023-01-30,BC,0.0,0.0,0.0,0.0,0.0,0.0,0.0,0.0,0.0,46.0,0.0,0.0,0.0,0.0,0.0
778,2023-01-31,BC,0.0,0.0,0.0,0.0,0.0,0.0,0.0,0.0,0.0,42.0,0.0,0.0,0.0,0.0,0.0
779,2023-02-01,BC,0.0,0.0,0.0,0.0,0.0,0.0,0.0,0.0,0.0,54.0,0.0,0.0,0.0,0.0,0.0
780,2023-02-02,BC,0.0,0.0,0.0,0.0,0.0,0.0,0.0,0.0,0.0,41.0,0.0,-24.0,1.0,0.0,0.0
781,2023-02-03,BC,0.0,0.0,0.0,0.0,0.0,0.0,0.0,0.0,0.0,36.0,0.0,0.0,0.0,0.0,0.0
782,2023-02-04,BC,0.0,0.0,0.0,0.0,0.0,0.0,0.0,0.0,0.0,34.0,33.0,0.0,0.0,0.0,33.0
783,2023-02-05,BC,0.0,0.0,0.0,0.0,0.0,0.0,0.0,0.0,0.0,34.0,0.0,0.0,0.0,0.0,0.0
784,2023-02-06,BC,0.0,0.0,0.0,0.0,0.0,0.0,0.0,0.0,0.0,47.0,0.0,0.0,0.0,0.0,0.0
785,2023-02-07,BC,0.0,0.0,0.0,0.0,0.0,0.0,0.0,0.0,0.0,50.0,0.0,0.0,0.0,0.0,0.0
786,2023-02-08,BC,0.0,0.0,0.0,0.0,0.0,0.0,0.0,0.0,0.0,49.0,0.0,0.0,0.0,0.0,0.0
787,2023-02-09,BC,0.0,0.0,0.0,0.0,0.0,0.0,0.0,0.0,0.0,51.0,0.0,-16.0,2.0,0.0,0.0
788,2023-02-10,BC,0.0,0.0,0.0,0.0,0.0,0.0,0.0,0.0,0.0,54.0,0.0,0.0,0.0,0.0,0.0
789,2023-02-11,BC,0.0,0.0,0.0,0.0,0.0,0.0,0.0,0.0,0.0,56.0,18.0,0.0,0.0,0.0,18.0
790,2023-02-12,BC,0.0,0.0,0.0,0.0,0.0,0.0,0.0,0.0,0.0,49.0,0.0,0.0,0.0,0.0,0.0
791,2023-02-13,BC,0.0,0.0,0.0,0.0,0.0,0.0,0.0,0.0,0.0,59.0,0.0,0.0,0.0,0.0,0.0
792,2023-02-14,BC,0.0,0.0,0.0,0.0,0.0,0.0,0.0,0.0,0.0,36.0,0.0,0.0,0.0,0.0,0.0
793,2023-02-15,BC,0.0,0.0,0.0,0.0,0.0,0.0,0.0,0.0,0.0,57.0,0.0,0.0,0.0,0.0,0.0
794,2023-02-16,BC,0.0,0.0,0.0,0.0,0.0,0.0,0.0,0.0,0.0,77.0,0.0,5.0,-10.0,0.0,0.0
795,2023-02-17,BC,0.0,0.0,0.0,0.0,0.0,0.0,0.0,0.0,0.0,33.0,0.0,0.0,0.0,0.0,0.0
796,2023-02-18,BC,0.0,0.0,0.0,0.0,0.0,0.0,0.0,0.0,0.0,45.0,35.0,0.0,0.0,0.0,35.0
797,2023-02-19,BC,0.0,0.0,0.0,0.0,0.0,0.0,0.0,0.0,0.0,48.0,0.0,0.0,0.0,0.0,0.0
798,2023-02-20,BC,0.0,0.0,0.0,0.0,0.0,0.0,0.0,0.0,0.0,52.0,0.0,0.0,0.0,0.0,0.0
799,2023-02-21,BC,0.0,0.0,0.0,0.0,0.0,0.0,0.0,0.0,0.0,85.0,0.0,0.0,0.0,0.0,0.0
800,2023-02-22,BC,0.0,0.0,0.0,0.0,0.0,0.0,0.0,0.0,0.0,50.0,0.0,0.0,0.0,0.0,0.0
801,2023-02-23,BC,0.0,0.0,0.0,0.0,0.0,0.0,0.0,0.0,0.0,57.0,0.0,47.0,2.0,0.0,0.0
802,2023-02-24,BC,0.0,0.0,0.0,0.0,0.0,0.0,0.0,0.0,0.0,61.0,0.0,0.0,0.0,0.0,0.0
803,2023-02-25,BC,0.0,0.0,0.0,0.0,0.0,0.0,0.0,0.0,0.0,51.0,26.0,0.0,0.0,0.0,26.0
804,2023-02-26,BC,2313.0,5446.0,4507.0,13541.0,25807.0,0.0,0.1,0.1,0.3,60.0,0.0,0.0,0.0,0.0,0.0
805,2023-02-27,BC,0.0,0.0,0.0,0.0,0.0,0.0,0.0,0.0,0.0,46.0,0.0,0.0,0.0,0.0,0.0
806,2023-02-28,BC,0.0,0.0,0.0,0.0,0.0,0.0,0.0,0.0,0.0,63.0,0.0,0.0,0.0,0.0,0.0
807,2023-03-01,BC,0.0,0.0,0.0,0.0,0.0,0.0,0.0,0.0,0.0,45.0,0.0,0.0,0.0,0.0,0.0
808,2023-03-02,BC,0.0,0.0,0.0,0.0,0.0,0.0,0.0,0.0,0.0,62.0,0.0,-3.0,-3.0,0.0,0.0
809,2023-03-03,BC,0.0,0.0,0.0,0.0,0.0,0.0,0.0,0.0,0.0,33.0,0.0,0.0,0.0,0.0,0.0
810,2023-03-04,BC,0.0,0.0,0.0,0.0,0.0,0.0,0.0,0.0,0.0,37.0,31.0,0.0,0.0,0.0,31.0
811,2023-03-05,BC,0.0,0.0,0.0,0.0,0.0,0.0,0.0,0.0,0.0,53.0,0.0,0.0,0.0,0.0,0.0
812,2023-03-06,BC,0.0,0.0,0.0,0.0,0.0,0.0,0.0,0.0,0.0,49.0,0.0,0.0,0.0,0.0,0.0
813,2023-03-07,BC,0.0,0.0,0.0,0.0,0.0,0.0,0.0,0.0,0.0,71.0,0.0,0.0,0.0,0.0,0.0
814,2023-03-08,BC,0.0,0.0,0.0,0.0,0.0,0.0,0.0,0.0,0.0,53.0,0.0,0.0,0.0,0.0,0.0
815,2023-03-09,BC,0.0,0.0,0.0,0.0,0.0,0.0,0.0,0.0,0.0,45.0,0.0,-32.0,4.0,0.0,0.0
816,2023-03-10,BC,0.0,0.0,0.0,0.0,0.0,0.0,0.0,0.0,0.0,48.0,0.0,0.0,0.0,0.0,0.0
817,2023-03-11,BC,0.0,0.0,0.0,0.0,0.0,0.0,0.0,0.0,0.0,55.0,29.0,0.0,0.0,0.0,29.0
818,2023-03-12,BC,0.0,0.0,0.0,0.0,0.0,0.0,0.0,0.0,0.0,54.0,0.0,0.0,0.0,0.0,0.0
819,2023-03-13,BC,0.0,0.0,0.0,0.0,0.0,0.0,0.0,0.0,0.0,51.0,0.0,0.0,0.0,0.0,0.0
820,2023-03-14,BC,0.0,0.0,0.0,0.0,0.0,0.0,0.0,0.0,0.0,72.0,0.0,0.0,0.0,0.0,0.0
821,2023-03-15,BC,0.0,0.0,0.0,0.0,0.0,0.0,0.0,0.0,0.0,64.0,0.0,0.0,0.0,0.0,0.0
822,2023-03-16,BC,0.0,0.0,0.0,0.0,0.0,0.0,0.0,0.0,0.0,53.0,0.0,17.0,-1.0,0.0,0.0
823,2023-03-17,BC,0.0,0.0,0.0,0.0,0.0,0.0,0.0,0.0,0.0,57.0,0.0,0.0,0.0,0.0,0.0
824,2023-03-18,BC,0.0,0.0,0.0,0.0,0.0,0.0,0.0,0.0,0.0,54.0,30.0,0.0,0.0,0.0,30.0
825,2023-03-19,BC,0.0,0.0,0.0,0.0,0.0,0.0,0.0,0.0,0.0,65.0,0.0,0.0,0.0,0.0,0.0
826,2023-03-20,BC,0.0,0.0,0.0,0.0,0.0,0.0,0.0,0.0,0.0,55.0,0.0,0.0,0.0,0.0,0.0
827,2023-03-21,BC,0.0,0.0,0.0,0.0,0.0,0.0,0.0,0.0,0.0,72.0,0.0,0.0,0.0,0.0,0.0
828,2023-03-22,BC,0.0,0.0,0.0,0.0,0.0,0.0,0.0,0.0,0.0,63.0,0.0,0.0,0.0,0.0,0.0
829,2023-03-23,BC,0.0,0.0,0.0,0.0,0.0,0.0,0.0,0.0,0.0,68.0,0.0,28.0,-3.0,0.0,0.0
830,2023-03-24,BC,0.0,0.0,0.0,0.0,0.0,0.0,0.0,0.0,0.0,56.0,0.0,0.0,0.0,0.0,0.0
831,2023-03-25,BC,0.0,0.0,0.0,0.0,0.0,0.0,0.0,0.0,0.0,77.0,31.0,0.0,0.0,0.0,31.0
832,2023-03-26,BC,1466.0,3329.0,2988.0,8731.0,16514.0,0.0,0.1,0.1,0.1,0.0,0.0,0.0,0.0,0.0,0.0
833,2023-03-27,BC,0.0,0.0,0.0,0.0,0.0,0.0,0.0,0.0,0.0,0.0,0.0,0.0,0.0,0.0,0.0
834,2023-03-28,BC,0.0,0.0,0.0,0.0,0.0,0.0,0.0,0.0,0.0,0.0,0.0,0.0,0.0,0.0,0.0
835,2023-03-29,BC,0.0,0.0,0.0,0.0,0.0,0.0,0.0,0.0,0.0,0.0,0.0,0.0,0.0,0.0,0.0
836,2023-03-30,BC,0.0,0.0,0.0,0.0,0.0,0.0,0.0,0.0,0.0,0.0,0.0,44.0,5.0,0.0,0.0
837,2023-03-31,BC,0.0,0.0,0.0,0.0,0.0,0.0,0.0,0.0,0.0,0.0,0.0,0.0,0.0,0.0,0.0
838,2023-04-01,BC,0.0,0.0,0.0,0.0,0.0,0.0,0.0,0.0,0.0,0.0,0.0,0.0,0.0,0.0,0.0
839,2023-04-02,BC,0.0,0.0,0.0,0.0,0.0,0.0,0.0,0.0,0.0,0.0,0.0,0.0,0.0,0.0,0.0
840,2023-04-03,BC,0.0,0.0,0.0,0.0,0.0,0.0,0.0,0.0,0.0,0.0,0.0,0.0,0.0,0.0,0.0
